short,long,atr_len,stop_atr,take_profit_r1,take_profit_frac1,breakeven_r,take_profit_r,giveback_k,prefer_giveback,allow_long,allow_short,n_trades,realized_return_pct,cagr,max_dd_pct,dd_multiple,calmar,sharpe_ann,profit_factor,win_rate_pct,avg_hold_hours,total_slip,avg_slip_pct,k,k_scale,train_bars,test_bars,train_start_dt,train_end_dt,test_start_dt,test_end_dt
65,460,50,2.75,1.0,0.6,1.0,2.25,5.0,False,True,False,7,0.34443723061218406,0.007323405256352888,4.843223355278361,0.0484322335527836,0.15120932319529543,0.13249660109064357,1.055551407801406,57.142857142857146,24.57142857142857,246.42409396897222,0.15799112067481397,633.8318711910209,0.9,12264,5256,2023-07-25 20:00:00,2024-12-17 19:00:00,2024-12-17 20:00:00,2025-07-24 19:00:00
65,460,50,2.75,1.0,0.6,1.0,2.25,4.5,False,True,False,7,0.26854838488881794,0.0057074338234381905,4.898583940663439,0.04898583940663439,0.11651191227041023,0.11187018002605391,1.043098942304634,57.142857142857146,24.57142857142857,254.04720440248803,0.16294116683521526,653.9242275074076,0.9,12264,5256,2023-07-25 20:00:00,2024-12-17 19:00:00,2024-12-17 20:00:00,2025-07-24 19:00:00
65,460,50,2.75,1.0,0.6,1.0,2.25,5.0,False,True,False,7,0.07893118949397832,0.001675735044413429,5.036910019527344,0.05036910019527344,0.033269108201592956,0.06033575659638894,1.0125138398375195,57.142857142857146,24.57142857142857,273.0943215259494,0.17532608867635752,633.8318711910209,1.0,12264,5256,2023-07-25 20:00:00,2024-12-17 19:00:00,2024-12-17 20:00:00,2025-07-24 19:00:00
65,460,50,2.75,1.0,0.6,1.0,2.25,4.5,False,True,False,7,-0.0049470363899854425,-0.00010497780033769111,5.0980998588451385,0.050980998588451384,-0.002059155435246251,0.037540970535218376,0.9992214753305525,42.857142857142854,24.57142857142857,281.5198654201589,0.18081223299694796,653.9242275074076,1.0,12264,5256,2023-07-25 20:00:00,2024-12-17 19:00:00,2024-12-17 20:00:00,2025-07-24 19:00:00
65,460,50,2.75,1.0,0.6,1.0,2.0,5.0,False,True,False,7,-0.04089761678833383,-0.0008676863354987185,4.846191773573856,0.04846191773573856,-0.01790449854316924,0.0255849721779637,0.9933805599731989,57.142857142857146,24.42857142857143,246.3042013953421,0.15838073707850328,637.330144076031,0.9,12264,5256,2023-07-25 20:00:00,2024-12-17 19:00:00,2024-12-17 20:00:00,2025-07-24 19:00:00
65,460,50,2.75,1.0,0.6,1.0,2.0,4.5,False,True,False,7,-0.10820619826139592,-0.00229484223007137,4.895436384690326,0.048954363846903264,-0.046877173958344405,0.006439660157460285,0.9825630211755466,57.142857142857146,24.42857142857143,253.07072554749362,0.16278742437148924,655.2713132816627,0.9,12264,5256,2023-07-25 20:00:00,2024-12-17 19:00:00,2024-12-17 20:00:00,2025-07-24 19:00:00
65,460,50,2.75,1.0,0.7,1.0,2.25,5.0,False,True,False,7,-0.11093396353187927,-0.002352656782100726,4.8145259948260675,0.048145259948260674,-0.0488658028771474,0.004924944209117034,0.9820211869566874,57.142857142857146,24.57142857142857,251.28288735343108,0.15844288456487415,636.5158331879919,0.9,12264,5256,2023-07-25 20:00:00,2024-12-17 19:00:00,2024-12-17 20:00:00,2025-07-24 19:00:00
65,460,50,2.75,1.0,0.6,1.0,2.25,5.0,False,True,False,7,-0.18520372877674163,-0.003926111931367382,5.22959965363371,0.052295996536337104,-0.07507480861636093,-0.01144112731460943,0.9713193296488869,42.857142857142854,24.57142857142857,299.62648448332635,0.192617945926592,633.8318711910209,1.1,12264,5256,2023-07-25 20:00:00,2024-12-17 19:00:00,2024-12-17 20:00:00,2025-07-24 19:00:00
65,460,50,2.75,1.0,0.7,1.0,2.25,4.5,False,True,False,7,-0.17276110939677894,-0.003662598208081347,4.859599357940602,0.04859599357940602,-0.07536831615751716,-0.01285707876738693,0.9721108847348309,57.142857142857146,24.57142857142857,257.49489277830446,0.16241068314839197,652.64646127565,0.9,12264,5256,2023-07-25 20:00:00,2024-12-17 19:00:00,2024-12-17 20:00:00,2025-07-24 19:00:00
65,460,50,2.75,1.0,0.6,1.0,2.25,4.5,False,True,False,7,-0.27698656967560964,-0.005868779286420822,5.2965570998400135,0.05296557099840014,-0.1108036631304908,-0.0363790049064311,0.9574513852807587,42.857142857142854,24.57142857142857,308.8459262747236,0.19863748487505273,653.9242275074076,1.1,12264,5256,2023-07-25 20:00:00,2024-12-17 19:00:00,2024-12-17 20:00:00,2025-07-24 19:00:00
65,460,50,2.75,1.0,0.6,1.0,2.0,5.0,False,True,False,7,-0.3060522943270189,-0.006483563729137387,5.040186655513415,0.05040186655513416,-0.1286373734203886,-0.04984433116226459,0.9513069284661303,57.142857142857146,24.42857142857143,272.96007819384386,0.17575787200524995,637.330144076031,1.0,12264,5256,2023-07-25 20:00:00,2024-12-17 19:00:00,2024-12-17 20:00:00,2025-07-24 19:00:00
65,460,50,2.75,1.0,0.6,1.0,2.0,4.5,False,True,False,7,-0.3804466187836806,-0.008056201227446547,5.094616291021931,0.05094616291021931,-0.15813165834772908,-0.07101122811232767,0.9398739875326849,42.857142857142854,24.42857142857143,280.43886009080086,0.18064179933496982,655.2713132816627,1.0,12264,5256,2023-07-25 20:00:00,2024-12-17 19:00:00,2024-12-17 20:00:00,2025-07-24 19:00:00
65,460,50,2.75,1.0,0.7,1.0,2.25,5.0,False,True,False,7,-0.38145850078692095,-0.008077582536490713,5.01174558611394,0.0501174558611394,-0.16117303637421854,-0.0729005609126898,0.939225352552478,57.142857142857146,24.57142857142857,278.4634039679804,0.1758223987722513,636.5158331879919,1.0,12264,5256,2023-07-25 20:00:00,2024-12-17 19:00:00,2024-12-17 20:00:00,2025-07-24 19:00:00
65,460,50,2.75,1.0,0.7,1.0,2.0,5.0,False,True,False,7,-0.39957320614033964,-0.008460309367304797,4.8166792076611555,0.04816679207661156,-0.17564610393501554,-0.08332508101245685,0.9350685626120577,57.142857142857146,24.42857142857143,251.18424015131666,0.15872661521955705,639.1139104128491,0.9,12264,5256,2023-07-25 20:00:00,2024-12-17 19:00:00,2024-12-17 20:00:00,2025-07-24 19:00:00
65,460,50,2.75,1.0,0.7,1.0,2.25,4.5,False,True,False,7,-0.4497877873241668,-0.00952083289573924,5.061559944323948,0.05061559944323948,-0.18810076341021975,-0.09256575355806361,0.9286442569683953,57.142857142857146,24.57142857142857,285.3286380492527,0.18021969788958314,652.64646127565,1.0,12264,5256,2023-07-25 20:00:00,2024-12-17 19:00:00,2024-12-17 20:00:00,2025-07-24 19:00:00
65,460,50,2.75,1.0,0.7,1.0,2.0,4.5,False,True,False,7,-0.45499898831754765,-0.009630858216076343,4.857173284607079,0.04857173284607079,-0.19828113290908525,-0.09984242721522356,0.9263224786611313,57.142857142857146,24.42857142857143,256.7564229157722,0.16229344036746354,653.6474959573087,0.9,12264,5256,2023-07-25 20:00:00,2024-12-17 19:00:00,2024-12-17 20:00:00,2025-07-24 19:00:00
65,380,50,2.75,1.0,0.6,1.0,2.25,4.5,False,True,False,8,-0.5996700810132644,-0.012396302899824851,6.077569272447252,0.06077569272447252,-0.20396810540726654,-0.1025063090304016,0.9245985929761683,50.0,31.75,415.77864312193884,0.237745218909279,808.2062994972442,0.9,12264,5256,2023-07-25 20:00:00,2024-12-17 19:00:00,2024-12-17 20:00:00,2025-07-24 19:00:00
65,460,50,2.75,1.0,0.6,1.0,2.0,5.0,False,True,False,7,-0.5698341854877436,-0.012053760610576392,5.233180380035087,0.05233180380035087,-0.23033336776546529,-0.12490239125448795,0.9114568733624653,42.857142857142854,24.42857142857143,299.4776999634381,0.19309167768846594,637.330144076031,1.1,12264,5256,2023-07-25 20:00:00,2024-12-17 19:00:00,2024-12-17 20:00:00,2025-07-24 19:00:00
65,460,50,2.75,1.0,0.6,1.0,2.0,4.5,False,True,False,7,-0.6512390113803849,-0.013769416524566425,5.29274015917413,0.0529274015917413,-0.2601566695221059,-0.14806881526914722,0.8995332643738269,42.857142857142854,24.42857142857143,307.66116173900843,0.19845043611812943,655.2713132816627,1.1,12264,5256,2023-07-25 20:00:00,2024-12-17 19:00:00,2024-12-17 20:00:00,2025-07-24 19:00:00
65,460,50,2.75,1.0,0.7,1.0,2.25,5.0,False,True,False,7,-0.6505551052224291,-0.013755009356585135,5.207927240737456,0.05207927240737457,-0.26411677277268164,-0.15036362627504973,0.8980692431090721,57.142857142857146,24.57142857142857,305.50019484125306,0.19315770990911205,636.5158331879919,1.1,12264,5256,2023-07-25 20:00:00,2024-12-17 19:00:00,2024-12-17 20:00:00,2025-07-24 19:00:00
65,460,50,2.75,1.0,0.7,1.0,2.0,5.0,False,True,False,7,-0.6698185234484298,-0.014160769971478526,5.014121669043017,0.05014121669043017,-0.28241775740916986,-0.16389528431924294,0.8929988535871167,57.142857142857146,24.42857142857143,278.3530428622276,0.17613680716872868,639.1139104128491,1.0,12264,5256,2023-07-25 20:00:00,2024-12-17 19:00:00,2024-12-17 20:00:00,2025-07-24 19:00:00
65,460,50,2.75,1.0,0.7,1.0,2.25,4.5,False,True,False,7,-0.7253162174187128,-0.01532926822388403,5.262431475423346,0.05262431475423346,-0.2912963008729883,-0.1718922924599772,0.8868758476902223,57.142857142857146,24.57142857142857,313.0115799929556,0.19798230108483378,652.64646127565,1.1,12264,5256,2023-07-25 20:00:00,2024-12-17 19:00:00,2024-12-17 20:00:00,2025-07-24 19:00:00
65,380,50,2.75,1.0,0.6,1.0,2.0,4.5,False,True,False,8,-0.8662709977970735,-0.017881735447215497,6.097372712069638,0.06097372712069638,-0.2932695160953328,-0.1735546307279131,0.8909825233669587,50.0,31.625,417.50072435703527,0.23924597999877145,815.193075083484,0.9,12264,5256,2023-07-25 20:00:00,2024-12-17 19:00:00,2024-12-17 20:00:00,2025-07-24 19:00:00
65,460,50,2.75,1.0,0.7,1.0,2.0,4.5,False,True,False,7,-0.7310730326562953,-0.015450435430514053,5.0588749228713485,0.05058874922871349,-0.30541248135355353,-0.18216936956168409,0.883660636526947,57.142857142857146,24.42857142857143,284.51116827105017,0.18008972163112755,653.6474959573087,1.0,12264,5256,2023-07-25 20:00:00,2024-12-17 19:00:00,2024-12-17 20:00:00,2025-07-24 19:00:00
65,380,50,2.75,1.0,0.6,1.0,2.0,5.0,False,True,False,8,-0.9679748884458421,-0.019970169743199095,6.188366015977113,0.061883660159771134,-0.32270505156999674,-0.19858949624317296,0.8794472480827403,50.0,31.75,423.31274686708184,0.24274973395815558,822.7941256299983,0.9,12264,5256,2023-07-25 20:00:00,2024-12-17 19:00:00,2024-12-17 20:00:00,2025-07-24 19:00:00
65,380,50,2.75,1.0,0.6,1.0,2.25,5.0,False,True,False,8,-1.042657950492321,-0.021502280148693598,6.442396314131048,0.06442396314131048,-0.33376214532982873,-0.20942890128660374,0.8730015954510996,50.0,31.875,455.79032948740905,0.2612403988917785,884.8751155399611,0.9,12264,5256,2023-07-25 20:00:00,2024-12-17 19:00:00,2024-12-17 20:00:00,2025-07-24 19:00:00
65,380,50,2.75,1.0,0.6,1.0,2.25,4.5,False,True,False,8,-1.0410356507234246,-0.021469012131141163,6.431655987377372,0.06431655987377372,-0.33380224584890394,-0.20928036095726257,0.8726813257504443,50.0,31.75,460.00803792862683,0.2635986890173486,808.2062994972442,1.0,12264,5256,2023-07-25 20:00:00,2024-12-17 19:00:00,2024-12-17 20:00:00,2025-07-24 19:00:00
65,460,50,2.75,1.0,0.7,1.0,2.0,5.0,False,True,False,7,-0.9386347115230456,-0.019813846465240315,5.210523069468833,0.05210523069468832,-0.38026597715956684,-0.24412194736756634,0.8525420484920865,57.142857142857146,24.42857142857143,305.37798109079495,0.193502631299765,639.1139104128491,1.1,12264,5256,2023-07-25 20:00:00,2024-12-17 19:00:00,2024-12-17 20:00:00,2025-07-24 19:00:00
65,380,50,2.75,1.0,0.7,1.0,2.25,4.5,False,True,False,8,-1.2325309081092382,-0.025391902843281078,6.307820485211304,0.06307820485211303,-0.402546377196568,-0.2713058135074651,0.8438732848323375,50.0,31.75,419.7349585273157,0.23698272804474155,806.4453130594724,0.9,12264,5256,2023-07-25 20:00:00,2024-12-17 19:00:00,2024-12-17 20:00:00,2025-07-24 19:00:00
65,460,50,2.75,1.0,0.7,1.0,2.0,4.5,False,True,False,7,-1.0056548754725008,-0.021220571713706726,5.2594895474615475,0.052594895474615475,-0.40347207694230847,-0.2641356889281195,0.842663300727101,57.142857142857146,24.42857142857143,312.115699742451,0.19783964841761978,653.6474959573087,1.1,12264,5256,2023-07-25 20:00:00,2024-12-17 19:00:00,2024-12-17 20:00:00,2025-07-24 19:00:00
65,380,50,2.75,1.0,0.6,1.0,2.0,4.5,False,True,False,8,-1.3092016933083686,-0.026960260636824218,6.453468112012947,0.06453468112012947,-0.417763908783224,-0.28353948782978033,0.8397631363374246,50.0,31.625,461.90145574682674,0.26525904407214074,815.193075083484,1.0,12264,5256,2023-07-25 20:00:00,2024-12-17 19:00:00,2024-12-17 20:00:00,2025-07-24 19:00:00
65,380,50,2.75,1.0,0.6,1.0,2.0,5.0,False,True,False,8,-1.4166573869508283,-0.02915614557761914,6.5494114159810035,0.06549411415981003,-0.4451719967763239,-0.30987007096693575,0.8284408086576357,50.0,31.75,468.3060928793354,0.2691361707347596,822.7941256299983,1.0,12264,5256,2023-07-25 20:00:00,2024-12-17 19:00:00,2024-12-17 20:00:00,2025-07-24 19:00:00
65,380,50,2.75,1.0,0.6,1.0,2.25,4.5,False,True,False,8,-1.4786561735639407,-0.03042193820004835,6.782755314693153,0.06782755314693154,-0.44851888043413246,-0.31506689620734457,0.8239204122706959,50.0,31.75,503.861615711512,0.28934303310213816,808.2062994972442,1.1,12264,5256,2023-07-25 20:00:00,2024-12-17 19:00:00,2024-12-17 20:00:00,2025-07-24 19:00:00
70,380,50,2.75,1.0,0.6,1.0,2.0,5.0,False,True,False,8,-1.1330587610581098,-0.023620431748887172,5.208847477758787,0.05208847477758787,-0.45346752520099415,-0.2977537817794697,0.8367567252022061,50.0,41.875,415.52135902021473,0.23748579016410895,834.3708410796203,0.9,12264,5256,2023-07-25 20:00:00,2024-12-17 19:00:00,2024-12-17 20:00:00,2025-07-24 19:00:00
65,380,50,2.75,1.0,0.6,1.0,2.25,5.0,False,True,False,8,-1.5242907434382869,-0.03135308592932817,6.829151745445565,0.06829151745445565,-0.4591065932930526,-0.32571739116429516,0.8197042101003159,50.0,31.875,504.07174018777386,0.289589571049532,884.8751155399611,1.0,12264,5256,2023-07-25 20:00:00,2024-12-17 19:00:00,2024-12-17 20:00:00,2025-07-24 19:00:00
65,380,50,2.75,1.0,0.7,1.0,2.0,4.5,False,True,False,8,-1.4091853827346859,-0.02900353633920738,6.304448793076512,0.06304448793076511,-0.4600487257674105,-0.32404395968023575,0.8211214905625572,50.0,31.625,418.75990934934225,0.2367828425633221,807.078878518746,0.9,12264,5256,2023-07-25 20:00:00,2024-12-17 19:00:00,2024-12-17 20:00:00,2025-07-24 19:00:00
65,380,50,2.75,1.0,0.7,1.0,2.0,5.0,False,True,False,8,-1.5163285026281847,-0.031190654247673977,6.399865516236517,0.06399865516236516,-0.4873642136470369,-0.3514304175608395,0.8095810754493344,50.0,31.75,425.1488507872494,0.24059540141790414,815.8228755818129,0.9,12264,5256,2023-07-25 20:00:00,2024-12-17 19:00:00,2024-12-17 20:00:00,2025-07-24 19:00:00
65,380,50,2.75,1.0,0.7,1.0,2.25,5.0,False,True,False,8,-1.6278276992800056,-0.033463981438990764,6.63423482176141,0.0663423482176141,-0.5044135810391163,-0.37111855943688077,0.7996003153032596,50.0,31.875,455.04916971031355,0.25749245475878724,872.9238595497181,0.9,12264,5256,2023-07-25 20:00:00,2024-12-17 19:00:00,2024-12-17 20:00:00,2025-07-24 19:00:00
65,420,50,2.75,1.0,0.6,1.0,2.0,4.5,False,True,False,7,-1.560793163134731,-0.032277986033602435,6.3642609915578685,0.06364260991557869,-0.5071757125677101,-0.43694600795745697,0.7667235436540242,42.857142857142854,34.0,366.4923641930821,0.24602697407951518,755.48969745509,0.9,12264,5256,2023-07-25 20:00:00,2024-12-17 19:00:00,2024-12-17 20:00:00,2025-07-24 19:00:00
65,380,50,2.75,1.0,0.7,1.0,2.25,4.5,False,True,False,8,-1.6771010669589852,-0.03446772184978586,6.664111736081802,0.06664111736081801,-0.5172140446440253,-0.3839714105321197,0.793315670267405,50.0,31.75,464.35960392390837,0.26274221798738356,806.4453130594724,1.0,12264,5256,2023-07-25 20:00:00,2024-12-17 19:00:00,2024-12-17 20:00:00,2025-07-24 19:00:00
65,420,50,2.75,1.0,0.6,1.0,2.0,5.0,False,True,False,7,-1.6420206200718348,-0.03394272294913381,6.435464406285252,0.06435464406285252,-0.5274323779334923,-0.46091138450696606,0.7572828957762803,42.857142857142854,34.14285714285714,370.30156624359694,0.24872070819566866,759.5974047900608,0.9,12264,5256,2023-07-25 20:00:00,2024-12-17 19:00:00,2024-12-17 20:00:00,2025-07-24 19:00:00
65,380,50,2.75,1.0,0.6,1.0,2.0,4.5,False,True,False,8,-1.7483505657067873,-0.035918179737983835,6.806540408384343,0.06806540408384343,-0.5277009696987852,-0.39252661539380734,0.7916672346079524,50.0,31.625,505.9226624337677,0.29116161581244315,815.193075083484,1.1,12264,5256,2023-07-25 20:00:00,2024-12-17 19:00:00,2024-12-17 20:00:00,2025-07-24 19:00:00
65,380,50,2.75,1.0,0.6,1.0,2.0,5.0,False,True,False,8,-1.861460232262798,-0.03821848480911594,6.907353346911346,0.06907353346911346,-0.5533014295005699,-0.4201039042100312,0.7805652942424749,50.0,31.75,512.9099849376013,0.2954090685715232,822.7941256299983,1.1,12264,5256,2023-07-25 20:00:00,2024-12-17 19:00:00,2024-12-17 20:00:00,2025-07-24 19:00:00
65,380,50,2.75,1.0,0.6,1.0,2.25,5.0,False,True,False,8,-2.0014505940231535,-0.041061521212083285,7.212336470918715,0.07212336470918715,-0.569323427680473,-0.4407812847404717,0.7698354115158017,50.0,31.875,551.9041563304673,0.3178077246586234,884.8751155399611,1.1,12264,5256,2023-07-25 20:00:00,2024-12-17 19:00:00,2024-12-17 20:00:00,2025-07-24 19:00:00
65,380,50,2.75,1.0,0.7,1.0,2.0,4.5,False,True,False,8,-1.8526294229978157,-0.03803899552809553,6.660393181645807,0.06660393181645807,-0.5711223720683702,-0.43878226879317234,0.7711999943633675,50.0,31.625,463.28277755718136,0.26252099450930116,807.078878518746,1.0,12264,5256,2023-07-25 20:00:00,2024-12-17 19:00:00,2024-12-17 20:00:00,2025-07-24 19:00:00
70,380,50,2.75,1.0,0.6,1.0,2.0,5.0,False,True,False,8,-1.5711012972815661,-0.03267296765075012,5.5579076513338554,0.05557907651333855,-0.5878645292515584,-0.4260908477639509,0.7804477066440103,50.0,41.875,459.70883882170574,0.26331175105650384,834.3708410796203,1.0,12264,5256,2023-07-25 20:00:00,2024-12-17 19:00:00,2024-12-17 20:00:00,2025-07-24 19:00:00
65,380,50,2.75,1.0,0.7,1.0,2.0,5.0,False,True,False,8,-1.9660950007193967,-0.04034390284536782,6.761214042477762,0.06761214042477762,-0.5966961346276668,-0.46767903647733233,0.7598343076468518,50.0,31.75,470.322388080899,0.2667395340186377,815.8228755818129,1.0,12264,5256,2023-07-25 20:00:00,2024-12-17 19:00:00,2024-12-17 20:00:00,2025-07-24 19:00:00
65,420,50,2.75,1.0,0.6,1.0,2.0,4.5,False,True,False,7,-1.9483949427221523,-0.04020836435427988,6.609480019417763,0.06609480019417763,-0.6083438369758758,-0.5516369433727473,0.7192254202902348,42.857142857142854,34.0,405.6937479699875,0.2728513460311954,755.48969745509,1.0,12264,5256,2023-07-25 20:00:00,2024-12-17 19:00:00,2024-12-17 20:00:00,2025-07-24 19:00:00
65,380,50,2.75,1.0,0.7,1.0,2.25,5.0,False,True,False,8,-2.107835819396514,-0.04321916329208375,7.019290302912435,0.07019290302912436,-0.6157198438444882,-0.4926126614719082,0.7478903311927704,50.0,31.875,503.24783195883117,0.2854292401841071,872.9238595497181,1.0,12264,5256,2023-07-25 20:00:00,2024-12-17 19:00:00,2024-12-17 20:00:00,2025-07-24 19:00:00
65,380,50,2.75,1.0,0.7,1.0,2.25,4.5,False,True,False,8,-2.1178473248087903,-0.043422081151707426,7.017355152319295,0.07017355152319295,-0.6187812959325005,-0.495661234404502,0.7458069349043496,50.0,31.75,508.6002153577622,0.2883908437417151,806.4453130594724,1.1,12264,5256,2023-07-25 20:00:00,2024-12-17 19:00:00,2024-12-17 20:00:00,2025-07-24 19:00:00
70,380,50,2.75,1.0,0.7,1.0,2.0,5.0,False,True,False,8,-1.5940724914790736,-0.03314647012876837,5.292769045013053,0.05292769045013052,-0.6262595221304734,-0.45904128713972403,0.7675917061540898,50.0,41.875,413.5628328629136,0.23294195342765853,818.2771379731752,0.9,12264,5256,2023-07-25 20:00:00,2024-12-17 19:00:00,2024-12-17 20:00:00,2025-07-24 19:00:00
65,420,50,2.75,1.0,0.6,1.0,2.0,5.0,False,True,False,7,-2.0333917113794815,-0.04194286741871611,6.68372852242054,0.0668372852242054,-0.6275369694926857,-0.5764478201755284,0.7102112291935904,42.857142857142854,34.14285714285714,409.89641430833865,0.27583387897390366,759.5974047900608,1.0,12264,5256,2023-07-25 20:00:00,2024-12-17 19:00:00,2024-12-17 20:00:00,2025-07-24 19:00:00
70,380,50,2.75,1.0,0.6,1.0,2.25,5.0,False,True,False,8,-1.7692526387226644,-0.03675344751978393,5.809307370535469,0.05809307370535469,-0.6326648802608668,-0.4889999098054709,0.7505503519966318,37.5,44.125,416.1922211215368,0.23814841779396362,846.8234555911771,0.9,12264,5256,2023-07-25 20:00:00,2024-12-17 19:00:00,2024-12-17 20:00:00,2025-07-24 19:00:00
65,420,50,2.75,1.0,0.7,1.0,2.0,4.5,False,True,False,7,-2.0326304823698775,-0.04192734049876434,6.353782245783737,0.06353782245783737,-0.6598800348656364,-0.6136827739816537,0.6942018161685527,42.857142857142854,34.0,370.1743825245571,0.24607604316647183,755.6649050803936,0.9,12264,5256,2023-07-25 20:00:00,2024-12-17 19:00:00,2024-12-17 20:00:00,2025-07-24 19:00:00
65,380,50,2.75,1.0,0.7,1.0,2.0,4.5,False,True,False,8,-2.292262025734199,-0.04695362360808042,7.013294930218375,0.07013294930218375,-0.6694944968843398,-0.5525544189570853,0.7242850115932492,50.0,31.625,507.4228501510953,0.28814844873860934,807.078878518746,1.1,12264,5256,2023-07-25 20:00:00,2024-12-17 19:00:00,2024-12-17 20:00:00,2025-07-24 19:00:00
65,420,50,2.75,1.0,0.7,1.0,2.0,5.0,False,True,False,7,-2.131102094513408,-0.04393479556210622,6.435774632668761,0.06435774632668761,-0.6826652278824051,-0.6442163674161011,0.6834308742436679,42.857142857142854,34.14285714285714,375.75274258408115,0.24996032506392113,763.4951535542464,0.9,12264,5256,2023-07-25 20:00:00,2024-12-17 19:00:00,2024-12-17 20:00:00,2025-07-24 19:00:00
65,380,50,2.75,1.0,0.7,1.0,2.0,5.0,False,True,False,8,-2.4119411593185576,-0.04937296970481375,7.119430777364568,0.07119430777364567,-0.6934960286683253,-0.5829080415478465,0.7131059926549631,50.0,31.75,515.1020807750391,0.29276959876856634,815.8228755818129,1.1,12264,5256,2023-07-25 20:00:00,2024-12-17 19:00:00,2024-12-17 20:00:00,2025-07-24 19:00:00
65,420,50,2.75,1.0,0.6,1.0,2.0,4.5,False,True,False,7,-2.333106889618666,-0.04804603195012924,6.8529056440336245,0.06852905644033624,-0.7011045306301535,-0.6645692798691832,0.6753003478167057,42.857142857142854,34.0,444.60313717580254,0.2995760033867044,755.48969745509,1.1,12264,5256,2023-07-25 20:00:00,2024-12-17 19:00:00,2024-12-17 20:00:00,2025-07-24 19:00:00
70,380,50,2.75,1.0,0.6,1.0,2.0,5.0,False,True,False,8,-2.005416679995706,-0.041604924818185895,5.904011394251949,0.05904011394251949,-0.7046891010185343,-0.5530372765855747,0.7278416107049739,50.0,41.875,503.5182192454582,0.2890288369228902,834.3708410796203,1.1,12264,5256,2023-07-25 20:00:00,2024-12-17 19:00:00,2024-12-17 20:00:00,2025-07-24 19:00:00
65,380,50,2.75,1.0,0.7,1.0,2.25,5.0,False,True,False,8,-2.5833743917921126,-0.05283299182485357,7.400780646986216,0.07400780646986216,-0.7138840393326411,-0.6129170694155441,0.6994569280102457,50.0,31.875,550.9974857614699,0.31323581500738695,872.9238595497181,1.1,12264,5256,2023-07-25 20:00:00,2024-12-17 19:00:00,2024-12-17 20:00:00,2025-07-24 19:00:00
65,420,50,2.75,1.0,0.6,1.0,2.0,5.0,False,True,False,7,-2.4218179934843103,-0.049848581395047664,6.9301613055169256,0.06930161305516926,-0.719299006148161,-0.6901759832679867,0.6666853541245005,42.857142857142854,34.14285714285714,449.19364761630516,0.30284531226840616,759.5974047900608,1.1,12264,5256,2023-07-25 20:00:00,2024-12-17 19:00:00,2024-12-17 20:00:00,2025-07-24 19:00:00
65,420,50,2.75,1.0,0.6,1.0,2.25,4.5,False,True,False,7,-2.2247348383820826,-0.04584157198482952,6.327966948401412,0.06327966948401412,-0.7244281197835609,-0.6564335180851154,0.6631822290252403,42.857142857142854,35.285714285714285,359.04149954820116,0.2417937421380893,748.6000156660898,0.9,12264,5256,2023-07-25 20:00:00,2024-12-17 19:00:00,2024-12-17 20:00:00,2025-07-24 19:00:00
65,420,50,2.75,1.0,0.6,1.0,2.25,5.0,False,True,False,7,-2.300102506828698,-0.04737495137120484,6.395703370442868,0.06395703370442868,-0.7407309036585976,-0.6792268873267725,0.6554434150667188,42.857142857142854,35.42857142857143,362.2913603108086,0.24411517426049864,751.6428072032405,0.9,12264,5256,2023-07-25 20:00:00,2024-12-17 19:00:00,2024-12-17 20:00:00,2025-07-24 19:00:00
70,380,50,2.75,1.0,0.6,1.0,2.25,5.0,False,True,False,8,-2.207181762218679,-0.04573959724812615,6.157706587047234,0.06157706587047234,-0.7428024801366733,-0.6176147094603064,0.7010554607682602,37.5,44.125,460.4411604719589,0.26404291359280996,846.8234555911771,1.0,12264,5256,2023-07-25 20:00:00,2024-12-17 19:00:00,2024-12-17 20:00:00,2025-07-24 19:00:00
70,380,50,2.75,1.0,0.7,1.0,2.0,5.0,False,True,False,8,-2.0296086255877346,-0.04210117201649577,5.638642041492952,0.05638642041492952,-0.7466544552161104,-0.5934142925180569,0.7128228388711376,50.0,41.875,457.5459365032088,0.2582713980361253,818.2771379731752,1.0,12264,5256,2023-07-25 20:00:00,2024-12-17 19:00:00,2024-12-17 20:00:00,2025-07-24 19:00:00
70,380,50,2.75,1.0,0.7,1.0,2.25,5.0,False,True,False,8,-2.074940868939248,-0.04303070610358739,5.747808863969097,0.05747808863969097,-0.7486453903039658,-0.6134669421478821,0.6985524085506007,37.5,44.125,414.67534666319926,0.23356814834937234,827.9017867325242,0.9,12264,5256,2023-07-25 20:00:00,2024-12-17 19:00:00,2024-12-17 20:00:00,2025-07-24 19:00:00
65,420,50,2.75,1.0,0.7,1.0,2.0,4.5,False,True,False,7,-2.4235840896268743,-0.049884449215681026,6.59774124848846,0.0659774124848846,-0.7560837464959622,-0.7352793636753279,0.6483785743511404,42.857142857142854,34.0,409.7492080576236,0.27289387847496316,755.6649050803936,1.0,12264,5256,2023-07-25 20:00:00,2024-12-17 19:00:00,2024-12-17 20:00:00,2025-07-24 19:00:00
65,420,50,2.75,1.0,0.7,1.0,2.0,5.0,False,True,False,7,-2.527609263072027,-0.05199586334072992,6.6838848672947275,0.06683884867294727,-0.77792877006535,-0.7672209612204856,0.6379604554364761,42.857142857142854,34.14285714285714,415.9021076978541,0.2771939255611335,763.4951535542464,1.0,12264,5256,2023-07-25 20:00:00,2024-12-17 19:00:00,2024-12-17 20:00:00,2025-07-24 19:00:00
70,380,50,2.75,1.0,0.6,1.0,2.0,4.5,False,True,False,8,-2.5486258768256267,-0.05271533652441107,6.583717493039434,0.06583717493039434,-0.8006925658663787,-0.664220912704457,0.6969109000257384,50.0,29.0,360.91473690564965,0.20633828887832162,811.0537956540048,0.9,12264,5256,2023-07-25 20:00:00,2024-12-17 19:00:00,2024-12-17 20:00:00,2025-07-24 19:00:00
65,420,50,2.75,1.0,0.6,1.0,2.25,4.5,False,True,False,7,-2.6038932789565115,-0.05354265717386697,6.569439850751549,0.06569439850751549,-0.8150262182207461,-0.7705106474792287,0.6197736629773684,42.857142857142854,35.285714285714285,397.4703327549226,0.26816387283092535,748.6000156660898,1.0,12264,5256,2023-07-25 20:00:00,2024-12-17 19:00:00,2024-12-17 20:00:00,2025-07-24 19:00:00
65,420,50,2.75,1.0,0.7,1.0,2.25,4.5,False,True,False,7,-2.5297773049046737,-0.05203984239071202,6.3266645456705435,0.06326664545670543,-0.822547837253737,-0.7911066516003856,0.6157167008216562,42.857142857142854,35.285714285714285,364.7242983906991,0.24290557308557092,750.5101350199931,0.9,12264,5256,2023-07-25 20:00:00,2024-12-17 19:00:00,2024-12-17 20:00:00,2025-07-24 19:00:00
65,420,50,2.75,1.0,0.6,1.0,2.25,5.0,False,True,False,7,-2.68246507691194,-0.05513446532611799,6.639866598633636,0.06639866598633636,-0.8303550155279273,-0.7940182570409461,0.6124345213345286,42.857142857142854,35.42857142857143,401.0565331564046,0.2707344116052642,751.6428072032405,1.0,12264,5256,2023-07-25 20:00:00,2024-12-17 19:00:00,2024-12-17 20:00:00,2025-07-24 19:00:00
70,380,50,2.75,1.0,0.6,1.0,2.25,5.0,False,True,False,8,-2.641360788633647,-0.0546052962064727,6.503135959568867,0.06503135959568868,-0.8396763737674157,-0.7446609306161119,0.6556701966576699,37.5,44.125,504.3096167069399,0.2898275723415763,846.8234555911771,1.1,12264,5256,2023-07-25 20:00:00,2024-12-17 19:00:00,2024-12-17 20:00:00,2025-07-24 19:00:00
65,420,50,2.75,1.0,0.7,1.0,2.25,5.0,False,True,False,7,-2.623636860850238,-0.053942779159216636,6.406000258007135,0.06406000258007136,-0.8420664531162207,-0.8208576743641216,0.6063491177888107,42.857142857142854,35.42857142857143,369.86391587324624,0.24650161372937318,757.5365149858017,0.9,12264,5256,2023-07-25 20:00:00,2024-12-17 19:00:00,2024-12-17 20:00:00,2025-07-24 19:00:00
65,420,50,2.75,1.0,0.7,1.0,2.0,4.5,False,True,False,7,-2.8115829386176303,-0.05774727123440859,6.839889490993846,0.06839889490993846,-0.8442719916812257,-0.855072505035517,0.6059808765603882,42.857142857142854,34.0,449.02536035033677,0.2996097100394531,755.6649050803936,1.1,12264,5256,2023-07-25 20:00:00,2024-12-17 19:00:00,2024-12-17 20:00:00,2025-07-24 19:00:00
70,380,50,2.75,1.0,0.7,1.0,2.0,5.0,False,True,False,8,-2.4614441646936758,-0.050936751029552974,5.98158834159867,0.0598158834159867,-0.8515589525831422,-0.7264719114408917,0.6615935887839357,50.0,41.875,501.15343609844206,0.2834935901528756,818.2771379731752,1.1,12264,5256,2023-07-25 20:00:00,2024-12-17 19:00:00,2024-12-17 20:00:00,2025-07-24 19:00:00
70,380,50,2.75,1.0,0.7,1.0,2.25,5.0,False,True,False,8,-2.5110025787701487,-0.05194800147676926,6.093723228518431,0.06093723228518431,-0.8524837694244836,-0.7486166004097343,0.6497539806466377,37.5,44.125,458.76652420619223,0.2589621998038837,827.9017867325242,1.0,12264,5256,2023-07-25 20:00:00,2024-12-17 19:00:00,2024-12-17 20:00:00,2025-07-24 19:00:00
65,420,50,2.75,1.0,0.7,1.0,2.0,5.0,False,True,False,7,-2.9210779895940506,-0.05996004245840714,6.930129021850378,0.06930129021850379,-0.8652081695644609,-0.8883510352584305,0.5959026533456331,42.857142857142854,34.14285714285714,455.74427271638854,0.30432248002011175,763.4951535542464,1.1,12264,5256,2023-07-25 20:00:00,2024-12-17 19:00:00,2024-12-17 20:00:00,2025-07-24 19:00:00
70,380,50,2.75,1.0,0.6,1.0,2.0,4.5,False,True,False,8,-2.9274693372205727,-0.060423811009105655,6.878884732010082,0.06878884732010082,-0.8783954574486551,-0.769301894245834,0.6585074112740493,50.0,29.0,399.4930259179863,0.2288336189894028,811.0537956540048,1.0,12264,5256,2023-07-25 20:00:00,2024-12-17 19:00:00,2024-12-17 20:00:00,2025-07-24 19:00:00
65,420,50,2.75,1.0,0.6,1.0,2.25,4.5,False,True,False,7,-2.980267100958099,-0.061155059889751784,6.858318682581147,0.06858318682581147,-0.89169172096179,-0.8827520347277199,0.5828218769810598,28.571428571428573,35.285714285714285,435.6176222921858,0.29443739140234204,748.6000156660898,1.1,12264,5256,2023-07-25 20:00:00,2024-12-17 19:00:00,2024-12-17 20:00:00,2025-07-24 19:00:00
65,420,50,2.75,1.0,0.6,1.0,2.25,5.0,False,True,False,7,-3.061997357715081,-0.06280387829843281,6.933917282205031,0.06933917282205031,-0.9057488825199941,-0.906928536172758,0.5760413287828862,28.571428571428573,35.42857142857143,439.53548365266283,0.29725533488861683,751.6428072032405,1.1,12264,5256,2023-07-25 20:00:00,2024-12-17 19:00:00,2024-12-17 20:00:00,2025-07-24 19:00:00
65,420,50,2.75,1.0,0.7,1.0,2.25,4.5,False,True,False,7,-2.914524482620036,-0.05982767968270575,6.567823088143284,0.06567823088143285,-0.9109209989335897,-0.9125866521612717,0.5729404211403758,42.857142857142854,35.285714285714285,403.7345727926407,0.2693831433720035,750.5101350199931,1.0,12264,5256,2023-07-25 20:00:00,2024-12-17 19:00:00,2024-12-17 20:00:00,2025-07-24 19:00:00
70,380,50,2.75,1.0,0.6,1.0,2.25,4.5,False,True,False,8,-3.1886527235341964,-0.06571901942485125,7.18524322459467,0.0718524322459467,-0.9146387585029672,-0.8508118065192478,0.6264405875408456,37.5,31.25,363.3043737568537,0.20778517628893084,827.0029599095922,0.9,12264,5256,2023-07-25 20:00:00,2024-12-17 19:00:00,2024-12-17 20:00:00,2025-07-24 19:00:00
65,420,50,2.75,1.0,0.7,1.0,2.25,5.0,False,True,False,7,-3.01349356539733,-0.061825549410854164,6.651039547068936,0.06651039547068936,-0.92956219810932,-0.9436404279759285,0.5639072080193449,42.857142857142854,35.42857142857143,409.40415479404743,0.27336429971754816,757.5365149858017,1.0,12264,5256,2023-07-25 20:00:00,2024-12-17 19:00:00,2024-12-17 20:00:00,2025-07-24 19:00:00
70,380,50,2.75,1.0,0.7,1.0,2.0,4.5,False,True,False,8,-3.0373086665595657,-0.06265259178696503,6.695257781356595,0.06695257781356595,-0.9357756464795944,-0.8408613258205253,0.6358962776345053,50.0,29.0,362.7257925741464,0.2039805625839437,801.3570996202071,0.9,12264,5256,2023-07-25 20:00:00,2024-12-17 19:00:00,2024-12-17 20:00:00,2025-07-24 19:00:00
70,380,50,2.75,1.0,0.7,1.0,2.25,5.0,False,True,False,8,-2.9433359932739767,-0.06074593695872388,6.436692097139965,0.06436692097139965,-0.94374464463999,-0.8822766298965582,0.6050505911225671,37.5,44.125,502.47924255037884,0.28424805909702205,827.9017867325242,1.1,12264,5256,2023-07-25 20:00:00,2024-12-17 19:00:00,2024-12-17 20:00:00,2025-07-24 19:00:00
70,380,50,2.75,1.0,0.6,1.0,2.0,4.5,False,True,False,8,-3.303446253196416,-0.06804137947111044,7.171822554076497,0.07171822554076497,-0.9487320546216722,-0.8737182466564115,0.6217974545110609,50.0,29.0,437.77912558320554,0.25124506463655505,811.0537956540048,1.1,12264,5256,2023-07-25 20:00:00,2024-12-17 19:00:00,2024-12-17 20:00:00,2025-07-24 19:00:00
70,380,50,2.75,1.0,0.6,1.0,2.25,4.5,False,True,False,8,-3.5690659758088628,-0.07340347275212888,7.4810820560871125,0.07481082056087113,-0.9811879110776879,-0.9569856931922703,0.5932386425014337,37.5,31.25,402.12352225505856,0.23043361624364664,827.0029599095922,1.0,12264,5256,2023-07-25 20:00:00,2024-12-17 19:00:00,2024-12-17 20:00:00,2025-07-24 19:00:00
65,420,50,2.75,1.0,0.7,1.0,2.25,4.5,False,True,False,7,-3.2963949353312456,-0.06752422550649428,6.807210937733957,0.06807210937733957,-0.9919514192250422,-1.0321708372612572,0.5333302240964989,42.857142857142854,35.285714285714285,442.45391530299275,0.2957610207745957,750.5101350199931,1.1,12264,5256,2023-07-25 20:00:00,2024-12-17 19:00:00,2024-12-17 20:00:00,2025-07-24 19:00:00
70,380,50,2.75,1.0,0.7,1.0,2.0,4.5,False,True,False,8,-3.4174563034757375,-0.07034489564174096,6.990305681009399,0.069903056810094,-1.0063207369149436,-0.9521002595652629,0.5980161378387567,50.0,29.0,401.48757688446386,0.22621299827152258,801.3570996202071,1.0,12264,5256,2023-07-25 20:00:00,2024-12-17 19:00:00,2024-12-17 20:00:00,2025-07-24 19:00:00
65,420,50,2.75,1.0,0.7,1.0,2.25,5.0,False,True,False,7,-3.400397579639939,-0.06961467880404204,6.894257440801094,0.06894257440801094,-1.0097487568719656,-1.0644584757375288,0.5246173458763821,42.857142857142854,35.42857142857143,448.6457144648115,0.3001245138983387,757.5365149858017,1.1,12264,5256,2023-07-25 20:00:00,2024-12-17 19:00:00,2024-12-17 20:00:00,2025-07-24 19:00:00
70,380,50,2.75,1.0,0.7,1.0,2.25,4.5,False,True,False,8,-3.5209700831752526,-0.07243375628201343,7.15089116374876,0.0715089116374876,-1.0129332781516003,-0.992431097110145,0.5781955505071584,37.5,31.25,365.12582954374017,0.2051906046952714,813.6800692859067,0.9,12264,5256,2023-07-25 20:00:00,2024-12-17 19:00:00,2024-12-17 20:00:00,2025-07-24 19:00:00
70,380,50,2.75,1.0,0.6,1.0,2.25,4.5,False,True,False,8,-3.9465690946157697,-0.08099631609409685,7.774661605552145,0.07774661605552145,-1.0417986042795055,-1.0623358320793264,0.5620108818794157,37.5,31.25,440.64588695172586,0.25299671117090206,827.0029599095922,1.1,12264,5256,2023-07-25 20:00:00,2024-12-17 19:00:00,2024-12-17 20:00:00,2025-07-24 19:00:00
70,380,50,2.75,1.0,0.7,1.0,2.0,4.5,False,True,False,8,-3.794706820051997,-0.0779457910211444,7.283107813281353,0.07283107813281353,-1.070227065415725,-1.0627404761809456,0.5617806024242913,50.0,29.0,439.953855532032,0.24836139136206584,801.3570996202071,1.1,12264,5256,2023-07-25 20:00:00,2024-12-17 19:00:00,2024-12-17 20:00:00,2025-07-24 19:00:00
70,380,50,2.75,1.0,0.7,1.0,2.25,4.5,False,True,False,8,-3.9028970148063675,-0.08011959748549558,7.446961384926502,0.07446961384926502,-1.0758696513139812,-1.1050008209015403,0.5453183054953715,37.5,31.25,404.1305620261514,0.2275507081595946,813.6800692859067,1.0,12264,5256,2023-07-25 20:00:00,2024-12-17 19:00:00,2024-12-17 20:00:00,2025-07-24 19:00:00
70,380,50,2.75,1.0,0.7,1.0,2.25,4.5,False,True,False,8,-4.281884579567632,-0.08771321459896686,7.740755709823236,0.07740755709823235,-1.1331350308298238,-1.2168238945348935,0.5144166892915412,37.5,31.25,442.8353632045951,0.24982547621030182,813.6800692859067,1.1,12264,5256,2023-07-25 20:00:00,2024-12-17 19:00:00,2024-12-17 20:00:00,2025-07-24 19:00:00
75,460,50,2.75,1.0,0.7,1.0,2.25,4.5,False,True,False,7,-4.59802031808731,-0.09402230233349829,5.992007090197911,0.05992007090197911,-1.5691286895722416,-1.7522568443350024,0.3056080060266754,42.857142857142854,24.142857142857142,223.8643621273797,0.15189940254311315,517.9958566399572,0.9,12264,5256,2023-07-25 20:00:00,2024-12-17 19:00:00,2024-12-17 20:00:00,2025-07-24 19:00:00
75,460,50,2.75,1.0,0.7,1.0,2.0,4.5,False,True,False,7,-4.60627960392465,-0.09418682494566233,5.996109056519507,0.059961090565195066,-1.5707990641573466,-1.7557934668169475,0.30485008571154915,42.857142857142854,24.142857142857142,224.69568347020981,0.15246970034267832,519.9618721961214,0.9,12264,5256,2023-07-25 20:00:00,2024-12-17 19:00:00,2024-12-17 20:00:00,2025-07-24 19:00:00
75,460,50,2.75,1.0,0.6,1.0,2.25,4.5,False,True,False,7,-4.733135500149529,-0.09671179388684581,6.120662743833528,0.061206627438335284,-1.5800869600972773,-1.8003247812486587,0.2859443280344614,42.857142857142854,24.142857142857142,220.47613359245275,0.15179995158326967,518.8449402367321,0.9,12264,5256,2023-07-25 20:00:00,2024-12-17 19:00:00,2024-12-17 20:00:00,2025-07-24 19:00:00
75,460,50,2.75,1.0,0.6,1.0,2.0,4.5,False,True,False,7,-4.743974661063112,-0.09692736800946411,6.129849842184276,0.06129849842184276,-1.581235601277397,-1.8049431108094132,0.28498149116030635,42.857142857142854,24.142857142857142,221.56863915684278,0.1525603505663413,521.4718240071375,0.9,12264,5256,2023-07-25 20:00:00,2024-12-17 19:00:00,2024-12-17 20:00:00,2025-07-24 19:00:00
75,460,50,2.75,1.0,0.6,1.0,2.25,5.0,False,True,False,7,-4.863295609186225,-0.0992986972949107,6.238471039519215,0.06238471039519215,-1.5917152883435268,-1.8579266988118088,0.27698698635901514,42.857142857142854,24.28571428571429,229.3675595034538,0.15806734155048746,537.250267481224,0.9,12264,5256,2023-07-25 20:00:00,2024-12-17 19:00:00,2024-12-17 20:00:00,2025-07-24 19:00:00
75,460,50,2.75,1.0,0.6,1.0,2.0,5.0,False,True,False,7,-4.890471916127099,-0.09983833047957436,6.261526399740284,0.06261526399740285,-1.594472722876573,-1.8695739412188854,0.27463773584930645,42.857142857142854,24.28571428571429,232.10762758463488,0.15997718326507007,543.8144886585937,0.9,12264,5256,2023-07-25 20:00:00,2024-12-17 19:00:00,2024-12-17 20:00:00,2025-07-24 19:00:00
75,460,50,2.75,1.0,0.7,1.0,2.25,5.0,False,True,False,7,-4.7048168582061765,-0.09614845289192409,6.018125052833981,0.06018125052833981,-1.5976479725466497,-1.7997869487049682,0.2983687160192817,42.857142857142854,24.28571428571429,230.3868280761137,0.15646188546708278,530.5174178649098,0.9,12264,5256,2023-07-25 20:00:00,2024-12-17 19:00:00,2024-12-17 20:00:00,2025-07-24 19:00:00
75,460,50,2.75,1.0,0.7,1.0,2.0,5.0,False,True,False,7,-4.7251671546962095,-0.09655329866461637,6.028186364371753,0.06028186364371753,-1.6016973070917822,-1.8085454518054649,0.29654311640362213,42.857142857142854,24.28571428571429,232.435829816857,0.1578692684939101,535.3433154212282,0.9,12264,5256,2023-07-25 20:00:00,2024-12-17 19:00:00,2024-12-17 20:00:00,2025-07-24 19:00:00
75,460,50,2.75,1.0,0.6,1.0,2.25,4.5,False,True,False,7,-4.9704741054362245,-0.10142593174194725,6.321830157732757,0.06321830157732757,-1.604376093810188,-1.901884984051163,0.2652604562041031,42.857142857142854,24.142857142857142,244.398447740505,0.16846902205534636,518.8449402367321,1.0,12264,5256,2023-07-25 20:00:00,2024-12-17 19:00:00,2024-12-17 20:00:00,2025-07-24 19:00:00
75,460,50,2.75,1.0,0.6,1.0,2.0,4.5,False,True,False,7,-4.982460571400861,-0.10166367051925795,6.331990015114812,0.06331990015114812,-1.6055563934336776,-1.9070382988605097,0.26423755446532315,42.857142857142854,24.142857142857142,245.60663282057726,0.16931193292584032,521.4718240071375,1.0,12264,5256,2023-07-25 20:00:00,2024-12-17 19:00:00,2024-12-17 20:00:00,2025-07-24 19:00:00
75,460,50,2.75,1.0,0.6,1.0,2.25,5.0,False,True,False,7,-5.109894151961344,-0.10418914450633276,6.4476791554945,0.064476791554945,-1.6159170143809996,-1.964045813091728,0.2560555406405043,42.857142857142854,24.28571428571429,254.23139056498303,0.17541651850765602,537.250267481224,1.0,12264,5256,2023-07-25 20:00:00,2024-12-17 19:00:00,2024-12-17 20:00:00,2025-07-24 19:00:00
75,460,50,2.75,1.0,0.7,1.0,2.25,4.5,False,True,False,7,-4.839250135295151,-0.09882109117145266,6.1119113337220465,0.06111911333722047,-1.6168606803278402,-1.8560458165003084,0.28389468898129644,42.857142857142854,24.142857142857142,248.1452200648772,0.16857568212249438,517.9958566399572,1.0,12264,5256,2023-07-25 20:00:00,2024-12-17 19:00:00,2024-12-17 20:00:00,2025-07-24 19:00:00
75,460,50,2.75,1.0,0.7,1.0,2.0,4.5,False,True,False,7,-4.848383019428238,-0.09900250978784297,6.11645484874294,0.0611645484874294,-1.6186256947223288,-1.8599953354199206,0.28308949621852053,42.857142857142854,24.142857142857142,249.06450067564253,0.16920783683128104,519.9618721961214,1.0,12264,5256,2023-07-25 20:00:00,2024-12-17 19:00:00,2024-12-17 20:00:00,2025-07-24 19:00:00
75,460,50,2.75,1.0,0.6,1.0,2.0,5.0,False,True,False,7,-5.139940944482987,-0.10478406871445534,6.4731705974468925,0.06473170597446892,-1.6187441244910743,-1.9770420243390043,0.25356313194722224,42.857142857142854,24.28571428571429,257.2609817404907,0.17753338658910023,543.8144886585937,1.0,12264,5256,2023-07-25 20:00:00,2024-12-17 19:00:00,2024-12-17 20:00:00,2025-07-24 19:00:00
75,460,50,2.75,1.0,0.6,1.0,2.25,4.5,False,True,False,7,-5.206692478351615,-0.10610500392504885,6.522054381118607,0.06522054381118607,-1.626864753416095,-2.0038679964315214,0.24547123201208923,42.857142857142854,24.142857142857142,268.2086322750435,0.18509922850199953,518.8449402367321,1.1,12264,5256,2023-07-25 20:00:00,2024-12-17 19:00:00,2024-12-17 20:00:00,2025-07-24 19:00:00
75,460,50,2.75,1.0,0.6,1.0,2.0,4.5,False,True,False,7,-5.2198152700430915,-0.10636456865607546,6.533177751494655,0.06533177751494655,-1.6280678821533896,-2.009559788236092,0.24439421288170135,42.857142857142854,24.142857142857142,269.53139780761154,0.18602426570204472,521.4718240071375,1.1,12264,5256,2023-07-25 20:00:00,2024-12-17 19:00:00,2024-12-17 20:00:00,2025-07-24 19:00:00
75,460,50,2.75,1.0,0.6,1.0,2.25,5.0,False,True,False,7,-5.355283565795908,-0.10904178399755249,6.655868522868971,0.06655868522868971,-1.638280317931381,-2.0706025921995113,0.23605355484063872,42.857142857142854,24.28571428571429,278.97415779453786,0.1927236582805044,537.250267481224,1.1,12264,5256,2023-07-25 20:00:00,2024-12-17 19:00:00,2024-12-17 20:00:00,2025-07-24 19:00:00
75,460,50,2.75,1.0,0.6,1.0,2.0,5.0,False,True,False,7,-5.388172193253995,-0.1096911170221001,6.683771901708509,0.06683771901708509,-1.6411559017156288,-2.084956150999556,0.233432671961544,42.857142857142854,24.28571428571429,282.29040317927553,0.1950465438699663,543.8144886585937,1.1,12264,5256,2023-07-25 20:00:00,2024-12-17 19:00:00,2024-12-17 20:00:00,2025-07-24 19:00:00
75,460,50,2.75,1.0,0.7,1.0,2.25,5.0,False,True,False,7,-4.952824264786759,-0.1010758060398319,6.15332040820874,0.061533204082087394,-1.6426221833823789,-1.9070172744974458,0.2765318974550146,42.857142857142854,24.28571428571429,255.35821810002412,0.1736331898299486,530.5174178649098,1.0,12264,5256,2023-07-25 20:00:00,2024-12-17 19:00:00,2024-12-17 20:00:00,2025-07-24 19:00:00
75,460,50,2.75,1.0,0.7,1.0,2.0,5.0,False,True,False,7,-4.9753237425698895,-0.10152212309081199,6.172369608352753,0.06172369608352753,-1.6447836006681662,-1.916798189083802,0.2745942683166599,42.857142857142854,24.28571428571429,257.6236875997738,0.17519310868011378,535.3433154212282,1.0,12264,5256,2023-07-25 20:00:00,2024-12-17 19:00:00,2024-12-17 20:00:00,2025-07-24 19:00:00
75,460,50,2.75,1.0,0.7,1.0,2.25,4.5,False,True,False,7,-5.079324109949175,-0.10358364774129247,6.252481180866866,0.06252481180866866,-1.6566806799557816,-1.9603524036056588,0.2631211964691622,42.857142857142854,24.142857142857142,272.3104993462024,0.18521235279734394,517.9958566399572,1.1,12264,5256,2023-07-25 20:00:00,2024-12-17 19:00:00,2024-12-17 20:00:00,2025-07-24 19:00:00
75,460,50,2.75,1.0,0.7,1.0,2.0,4.5,False,True,False,7,-5.089322109602017,-0.10378170035326639,6.26093842363079,0.06260938423630791,-1.657606149927317,-1.9647182200974818,0.2622734120833543,42.857142857142854,24.142857142857142,273.31689092744716,0.18590607012526325,519.9618721961214,1.1,12264,5256,2023-07-25 20:00:00,2024-12-17 19:00:00,2024-12-17 20:00:00,2025-07-24 19:00:00
75,460,50,2.75,1.0,0.7,1.0,2.25,5.0,False,True,False,7,-5.199610415746902,-0.10596490654460466,6.362265164923929,0.06362265164923929,-1.6655216938898465,-2.0147789511672394,0.25565763637434924,42.857142857142854,24.28571428571429,280.20745095087386,0.19076256124330543,530.5174178649098,1.1,12264,5256,2023-07-25 20:00:00,2024-12-17 19:00:00,2024-12-17 20:00:00,2025-07-24 19:00:00
75,460,50,2.75,1.0,0.7,1.0,2.0,5.0,False,True,False,7,-5.224237563622573,-0.10645203135880521,6.383116436381823,0.06383116436381824,-1.6677125103352493,-2.025590449700129,0.2536193460815984,42.857142857142854,24.28571428571429,282.6872363709084,0.19247426784342325,535.3433154212282,1.1,12264,5256,2023-07-25 20:00:00,2024-12-17 19:00:00,2024-12-17 20:00:00,2025-07-24 19:00:00
75,420,50,2.75,1.0,0.6,1.0,2.0,4.5,False,True,False,7,-4.5804967994355685,-0.09316366069525839,5.57668724382323,0.0557668724382323,-1.670591457292983,-1.8518680653980135,0.3077200555644595,42.857142857142854,27.28571428571429,261.99312663047743,0.1774065882499258,608.0156583581829,0.9,12264,5256,2023-07-25 20:00:00,2024-12-17 19:00:00,2024-12-17 20:00:00,2025-07-24 19:00:00
75,420,50,2.75,1.0,0.6,1.0,2.25,4.5,False,True,False,7,-4.643324292425059,-0.09440857957404836,5.628558807236686,0.05628558807236686,-1.6773135505427508,-1.881054145279567,0.3016039170418987,42.857142857142854,27.28571428571429,268.33851368181416,0.1817598001803869,623.1308957308877,0.9,12264,5256,2023-07-25 20:00:00,2024-12-17 19:00:00,2024-12-17 20:00:00,2025-07-24 19:00:00
75,420,50,2.75,1.0,0.6,1.0,2.0,5.0,False,True,False,7,-4.715496704350971,-0.0958375681604352,5.697415897031469,0.056974158970314694,-1.6821234379320906,-1.9156435593840067,0.2975614405390518,42.857142857142854,27.42857142857143,271.3770353685677,0.18394716136486372,626.9046307730118,0.9,12264,5256,2023-07-25 20:00:00,2024-12-17 19:00:00,2024-12-17 20:00:00,2025-07-24 19:00:00
75,420,50,2.75,1.0,0.6,1.0,2.25,5.0,False,True,False,7,-4.7538235026435,-0.09659594786184611,5.729094342091922,0.05729094342091922,-1.686059647371334,-1.9335576619483792,0.2939152034385264,42.857142857142854,27.42857142857143,275.2491451451647,0.1866071371509594,636.0919185366613,0.9,12264,5256,2023-07-25 20:00:00,2024-12-17 19:00:00,2024-12-17 20:00:00,2025-07-24 19:00:00
70,420,50,2.75,1.0,0.6,1.0,2.25,5.0,False,True,False,7,-5.7940124396123425,-0.11832171613675424,7.005287352316956,0.07005287352316956,-1.6890344419293528,-2.274436313386004,0.2715612261135288,42.857142857142854,23.142857142857142,243.38314668458014,0.1638712461571667,641.5053782529574,0.9,12264,5256,2023-07-25 20:00:00,2024-12-17 19:00:00,2024-12-17 20:00:00,2025-07-24 19:00:00
70,420,50,2.75,1.0,0.6,1.0,2.0,5.0,False,True,False,7,-5.822719637244609,-0.1188884716511256,7.02893755850648,0.0702893755850648,-1.6914145368562243,-2.2875317500444265,0.26915137288731705,42.857142857142854,23.142857142857142,246.32864119731252,0.1658791458328582,649.4608672229449,0.9,12264,5256,2023-07-25 20:00:00,2024-12-17 19:00:00,2024-12-17 20:00:00,2025-07-24 19:00:00
75,380,50,2.75,1.0,0.6,1.0,2.0,5.0,False,True,False,7,-5.910052265073955,-0.11931878844737542,7.042375557621025,0.07042375557621025,-1.6942974351638005,-2.144795563845612,0.293790773266201,42.857142857142854,29.57142857142857,431.32899286329916,0.2950459013451822,991.7313270987182,0.9,12264,5256,2023-07-25 20:00:00,2024-12-17 19:00:00,2024-12-17 20:00:00,2025-07-24 19:00:00
70,420,50,2.75,1.0,0.6,1.0,2.25,4.5,False,True,False,7,-5.890217975678061,-0.12022031095428332,7.084545594202313,0.07084545594202313,-1.6969375008704362,-2.318396427213168,0.2635151022258614,42.857142857142854,23.142857142857142,253.2543322625978,0.17060265207353392,668.1850098750574,0.9,12264,5256,2023-07-25 20:00:00,2024-12-17 19:00:00,2024-12-17 20:00:00,2025-07-24 19:00:00
70,420,50,2.75,1.0,0.6,1.0,2.0,4.5,False,True,False,7,-5.908828878979438,-0.1205873444642569,7.099878067891286,0.07099878067891285,-1.6984424705771348,-2.3269248118576447,0.26196838553101315,42.857142857142854,23.142857142857142,255.16392092098215,0.1719056268929719,673.3523110532049,0.9,12264,5256,2023-07-25 20:00:00,2024-12-17 19:00:00,2024-12-17 20:00:00,2025-07-24 19:00:00
75,420,50,2.75,1.0,0.6,1.0,2.0,4.5,False,True,False,7,-4.860692250605279,-0.09870883072031611,5.8080250375651765,0.05808025037565177,-1.6995248829315746,-1.9827998013937667,0.28087849177984103,42.857142857142854,27.28571428571429,290.29233683535483,0.1968421037791279,608.0156583581829,1.0,12264,5256,2023-07-25 20:00:00,2024-12-17 19:00:00,2024-12-17 20:00:00,2025-07-24 19:00:00
70,460,50,2.75,1.0,0.6,1.0,2.25,4.5,False,True,False,7,-7.150755791012561,-0.14412832064934133,8.468835103427494,0.08468835103427494,-1.7018671268142882,-3.087610066855275,0.1748383868148205,28.571428571428573,30.857142857142858,266.29696948257435,0.18989108866325874,630.5291226777191,0.9,12264,5256,2023-07-25 20:00:00,2024-12-17 19:00:00,2024-12-17 20:00:00,2025-07-24 19:00:00
70,460,50,2.75,1.0,0.6,1.0,2.0,4.5,False,True,False,7,-7.1620191170810354,-0.14434609746335592,8.47832673977343,0.08478326739773429,-1.7025304861889925,-3.0931738981661887,0.17429814806833407,28.571428571428573,30.857142857142858,267.4451156635392,0.19072079087495128,633.3198332328243,0.9,12264,5256,2023-07-25 20:00:00,2024-12-17 19:00:00,2024-12-17 20:00:00,2025-07-24 19:00:00
75,380,50,2.75,1.0,0.6,1.0,2.0,4.5,False,True,False,7,-6.017071617142156,-0.12140675917600852,7.124954410465717,0.07124954410465717,-1.7039654176267616,-2.1931511909789765,0.28302283194869077,42.857142857142854,29.42857142857143,446.39910896504296,0.3054296073284282,1033.564492453243,0.9,12264,5256,2023-07-25 20:00:00,2024-12-17 19:00:00,2024-12-17 20:00:00,2025-07-24 19:00:00
75,420,50,2.75,1.0,0.6,1.0,2.25,4.5,False,True,False,7,-4.930105071024791,-0.10007979960120017,5.8653356030589325,0.058653356030589326,-1.7062928087014462,-2.015543354426148,0.27439841602924603,42.857142857142854,27.28571428571429,297.30302638267756,0.20166534483748802,623.1308957308877,1.0,12264,5256,2023-07-25 20:00:00,2024-12-17 19:00:00,2024-12-17 20:00:00,2025-07-24 19:00:00
70,420,50,2.75,1.0,0.6,1.0,2.25,5.0,False,True,False,7,-6.050611765815557,-0.12338086026878026,7.216685143850124,0.07216685143850124,-1.7096611229315206,-2.392156742754821,0.2502877717534244,42.857142857142854,23.142857142857142,269.7118292199307,0.18184044656889964,641.5053782529574,1.0,12264,5256,2023-07-25 20:00:00,2024-12-17 19:00:00,2024-12-17 20:00:00,2025-07-24 19:00:00
70,460,50,2.75,1.0,0.6,1.0,2.25,5.0,False,True,False,7,-7.32942662209296,-0.14757950897674088,8.627329409029342,0.08627329409029341,-1.7106047767491588,-3.177105174267362,0.1679134504959472,28.571428571428573,31.0,280.32328742810125,0.20011220838850874,661.1265077391945,0.9,12264,5256,2023-07-25 20:00:00,2024-12-17 19:00:00,2024-12-17 20:00:00,2025-07-24 19:00:00
75,420,50,2.75,1.0,0.6,1.0,2.0,5.0,False,True,False,7,-5.0053510282958635,-0.10156475133835752,5.9369946165707015,0.05936994616570702,-1.7107098439146449,-2.052035671518141,0.2704889084788551,42.857142857142854,27.42857142857143,300.6610468297101,0.20408923661376416,626.9046307730118,1.0,12264,5256,2023-07-25 20:00:00,2024-12-17 19:00:00,2024-12-17 20:00:00,2025-07-24 19:00:00
70,420,50,2.75,1.0,0.6,1.0,2.0,5.0,False,True,False,7,-6.08233837657026,-0.12400532230840677,7.242822979524095,0.07242822979524095,-1.7121131174816424,-2.4068169303552946,0.24769858318983132,42.857142857142854,23.142857142857142,272.9672351368729,0.18406558848221208,649.4608672229449,1.0,12264,5256,2023-07-25 20:00:00,2024-12-17 19:00:00,2024-12-17 20:00:00,2025-07-24 19:00:00
70,460,50,2.75,1.0,0.6,1.0,2.0,5.0,False,True,False,7,-7.35669491809189,-0.14810557893720966,8.650330004005179,0.08650330004005179,-1.712137905358934,-3.19062822721514,0.16664662775284508,28.571428571428573,31.0,283.10374921660826,0.20212524796819764,667.868404831247,0.9,12264,5256,2023-07-25 20:00:00,2024-12-17 19:00:00,2024-12-17 20:00:00,2025-07-24 19:00:00
75,420,50,2.75,1.0,0.6,1.0,2.25,5.0,False,True,False,7,-5.047688028360098,-0.10239969553983586,5.971988969767515,0.059719889697675145,-1.714666521626583,-2.0721344234943975,0.26662939625663534,42.857142857142854,27.42857142857143,304.9384320165948,0.20703617062148186,636.0919185366613,1.0,12264,5256,2023-07-25 20:00:00,2024-12-17 19:00:00,2024-12-17 20:00:00,2025-07-24 19:00:00
75,420,50,2.75,1.0,0.7,1.0,2.0,4.5,False,True,False,7,-4.678524440184865,-0.09510567697346117,5.540099334965231,0.05540099334965231,-1.71667818974329,-1.9428757664418561,0.2899233312286913,42.857142857142854,27.28571428571429,263.0452293071908,0.17528454239136212,598.8883959421836,0.9,12264,5256,2023-07-25 20:00:00,2024-12-17 19:00:00,2024-12-17 20:00:00,2025-07-24 19:00:00
70,420,50,2.75,1.0,0.6,1.0,2.25,4.5,False,True,False,7,-6.156928121829878,-0.12547252003551812,7.304273481590383,0.07304273481590383,-1.7177960320319028,-2.441374960578378,0.24164622946899225,42.857142857142854,23.142857142857142,280.62079516855505,0.18929987143702168,668.1850098750574,1.0,12264,5256,2023-07-25 20:00:00,2024-12-17 19:00:00,2024-12-17 20:00:00,2025-07-24 19:00:00
70,460,50,2.75,1.0,0.6,1.0,2.25,4.5,False,True,False,7,-7.432729275414276,-0.1495715640538029,8.706459382617297,0.08706459382617296,-1.7179378835951034,-3.2274310074357224,0.16160083815944817,28.571428571428573,30.857142857142858,295.0413460710327,0.21069202379210708,630.5291226777191,1.0,12264,5256,2023-07-25 20:00:00,2024-12-17 19:00:00,2024-12-17 20:00:00,2025-07-24 19:00:00
70,460,50,2.75,1.0,0.6,1.0,2.0,4.5,False,True,False,7,-7.445171725962754,-0.14981133569345928,8.716945079227381,0.08716945079227381,-1.7186219980949757,-3.2336260907269287,0.1610301781948347,28.571428571428573,30.857142857142858,296.30977431683374,0.21161131712783104,633.3198332328243,1.0,12264,5256,2023-07-25 20:00:00,2024-12-17 19:00:00,2024-12-17 20:00:00,2025-07-24 19:00:00
70,420,50,2.75,1.0,0.6,1.0,2.0,4.5,False,True,False,7,-6.177492310043526,-0.12587679492158954,7.321215229322344,0.07321215229322343,-1.7193429093224566,-2.450925207989447,0.23998615041094598,42.857142857142854,23.142857142857142,282.730873303498,0.19074367510408305,673.3523110532049,1.0,12264,5256,2023-07-25 20:00:00,2024-12-17 19:00:00,2024-12-17 20:00:00,2025-07-24 19:00:00
75,380,50,2.75,1.0,0.6,1.0,2.25,5.0,False,True,False,7,-6.608759108622452,-0.13290415660260757,7.727516504764815,0.07727516504764816,-1.7198818859934932,-2.52855407071897,0.23003040768093927,28.571428571428573,31.57142857142857,429.7929824799037,0.2947046930081526,1001.1091143878753,0.9,12264,5256,2023-07-25 20:00:00,2024-12-17 19:00:00,2024-12-17 20:00:00,2025-07-24 19:00:00
75,420,50,2.75,1.0,0.7,1.0,2.25,4.5,False,True,False,7,-4.7272340758631435,-0.09606985296918447,5.580147390629396,0.05580147390629396,-1.721636477389687,-1.9664103245830369,0.2851641888960629,42.857142857142854,27.28571428571429,267.9673875024486,0.1786073040262126,610.3908005901292,0.9,12264,5256,2023-07-25 20:00:00,2024-12-17 19:00:00,2024-12-17 20:00:00,2025-07-24 19:00:00
75,420,50,2.75,1.0,0.7,1.0,2.0,5.0,False,True,False,7,-4.78672635256382,-0.09724673860310096,5.638529925016768,0.05638529925016768,-1.7246824951950885,-1.9963615662534222,0.2824371443796674,42.857142857142854,27.42857142857143,269.7295456974108,0.17991306778720845,611.1987816388122,0.9,12264,5256,2023-07-25 20:00:00,2024-12-17 19:00:00,2024-12-17 20:00:00,2025-07-24 19:00:00
75,380,50,2.75,1.0,0.6,1.0,2.0,5.0,False,True,False,7,-6.3617215090479835,-0.1281134225532501,7.427843410555327,0.07427843410555326,-1.7247727970570124,-2.328627109693181,0.2603478707241487,42.857142857142854,29.57142857142857,477.0761337598025,0.32708009444499836,991.7313270987182,1.0,12264,5256,2023-07-25 20:00:00,2024-12-17 19:00:00,2024-12-17 20:00:00,2025-07-24 19:00:00
75,420,50,2.75,1.0,0.6,1.0,2.0,4.5,False,True,False,7,-5.139321175213099,-0.10420544416389421,6.03807749913772,0.0603807749913772,-1.725805012916371,-2.1149816144942073,0.2552561931029184,42.857142857142854,27.28571428571429,318.43414081121335,0.21622345405834256,608.0156583581829,1.1,12264,5256,2023-07-25 20:00:00,2024-12-17 19:00:00,2024-12-17 20:00:00,2025-07-24 19:00:00
70,460,50,2.75,1.0,0.6,1.0,2.25,5.0,False,True,False,7,-7.625717543810643,-0.15328655397647117,8.877253277177918,0.08877253277177917,-1.7267340379996574,-3.324569742120924,0.15443417054786307,28.571428571428573,31.0,310.5361128126441,0.22201643987250694,661.1265077391945,1.0,12264,5256,2023-07-25 20:00:00,2024-12-17 19:00:00,2024-12-17 20:00:00,2025-07-24 19:00:00
75,420,50,2.75,1.0,0.7,1.0,2.25,5.0,False,True,False,7,-4.816744620862683,-0.0978402617827756,5.66323796386886,0.0566323796386886,-1.7276381887356842,-2.0109462535518,0.2795602279030328,42.857142857142854,27.42857142857143,272.7638701948789,0.1819638481226637,618.2590828184658,0.9,12264,5256,2023-07-25 20:00:00,2024-12-17 19:00:00,2024-12-17 20:00:00,2025-07-24 19:00:00
70,460,50,2.75,1.0,0.7,1.0,2.25,4.5,False,True,False,7,-7.0984327246765675,-0.14311627199417165,8.28287811825902,0.0828287811825902,-1.727856790246399,-3.1126484469196782,0.1763667583345843,28.571428571428573,30.857142857142858,263.87890627529845,0.18642505189604366,618.8511002433471,0.9,12264,5256,2023-07-25 20:00:00,2024-12-17 19:00:00,2024-12-17 20:00:00,2025-07-24 19:00:00
70,460,50,2.75,1.0,0.6,1.0,2.0,5.0,False,True,False,7,-7.6558309759083025,-0.1538654646272758,8.902654799443772,0.08902654799443772,-1.7283099041073586,-3.3396213639257057,0.1530986020065283,28.571428571428573,31.0,313.6069044588529,0.22424650229219398,667.868404831247,1.0,12264,5256,2023-07-25 20:00:00,2024-12-17 19:00:00,2024-12-17 20:00:00,2025-07-24 19:00:00
70,460,50,2.75,1.0,0.7,1.0,2.0,4.5,False,True,False,7,-7.1067741385497545,-0.14327765609197052,8.289885635484026,0.08289885635484026,-1.7283429759113305,-3.1168816669828403,0.1759561439388604,28.571428571428573,30.857142857142858,264.72836487813765,0.1870331381390443,620.8956347360846,0.9,12264,5256,2023-07-25 20:00:00,2024-12-17 19:00:00,2024-12-17 20:00:00,2025-07-24 19:00:00
75,380,50,2.75,1.0,0.6,1.0,2.25,4.5,False,True,False,7,-6.725258877598081,-0.13515863798600947,7.818051364732223,0.07818051364732223,-1.7288021231955515,-2.583244894155077,0.22209194603511703,28.571428571428573,31.42857142857143,445.8343598131185,0.3057856253318439,1045.8383852593163,0.9,12264,5256,2023-07-25 20:00:00,2024-12-17 19:00:00,2024-12-17 20:00:00,2025-07-24 19:00:00
70,420,50,2.75,1.0,0.6,1.0,2.25,5.0,False,True,False,7,-6.305851222788933,-0.12839800240830668,7.42696347771129,0.0742696347771129,-1.7288088569929805,-2.5107593852377272,0.2306986064748684,28.571428571428573,23.142857142857142,295.9018223039212,0.1997628102450495,641.5053782529574,1.1,12264,5256,2023-07-25 20:00:00,2024-12-17 19:00:00,2024-12-17 20:00:00,2025-07-24 19:00:00
70,420,50,2.75,1.0,0.6,1.0,2.0,5.0,False,True,False,7,-6.340564666038208,-0.1290791808673506,7.455562119280082,0.07455562119280082,-1.7313138674487316,-2.5270072233782654,0.22851388818070292,28.571428571428573,23.142857142857142,299.4638163932119,0.20220405632330368,649.4608672229449,1.1,12264,5256,2023-07-25 20:00:00,2024-12-17 19:00:00,2024-12-17 20:00:00,2025-07-24 19:00:00
75,420,50,2.75,1.0,0.6,1.0,2.25,4.5,False,True,False,7,-5.215243795781516,-0.10570016286076223,6.100765079756028,0.061007650797560285,-1.732572250839549,-2.151345697491373,0.24845026925163458,42.857142857142854,27.28571428571429,326.1025430916401,0.22151407439835666,623.1308957308877,1.1,12264,5256,2023-07-25 20:00:00,2024-12-17 19:00:00,2024-12-17 20:00:00,2025-07-24 19:00:00
70,460,50,2.75,1.0,0.6,1.0,2.25,4.5,False,True,False,7,-7.713078100883158,-0.15496543110456007,8.94272370430797,0.0894272370430797,-1.732866140434471,-3.3675248153660493,0.149006688850155,28.571428571428573,30.857142857142858,323.62203882558185,0.23143454313549497,630.5291226777191,1.1,12264,5256,2023-07-25 20:00:00,2024-12-17 19:00:00,2024-12-17 20:00:00,2025-07-24 19:00:00
70,460,50,2.75,1.0,0.6,1.0,2.0,4.5,False,True,False,7,-7.726685870789261,-0.1552267854587861,8.954191902377213,0.08954191902377212,-1.733565542833358,-3.3743515827975,0.14856657719722133,14.285714285714286,30.857142857142858,325.00935800477924,0.23244292366149452,633.3198332328243,1.1,12264,5256,2023-07-25 20:00:00,2024-12-17 19:00:00,2024-12-17 20:00:00,2025-07-24 19:00:00
75,380,50,2.75,1.0,0.6,1.0,2.0,4.5,False,True,False,7,-6.48384728445826,-0.1304834923657272,7.522976636530895,0.07522976636530895,-1.734466271397297,-2.3847851157676283,0.24876458295109388,42.857142857142854,29.42857142857143,493.6628108154324,0.33856317063004465,1033.564492453243,1.0,12264,5256,2023-07-25 20:00:00,2024-12-17 19:00:00,2024-12-17 20:00:00,2025-07-24 19:00:00
70,460,50,2.75,1.0,0.7,1.0,2.25,5.0,False,True,False,7,-7.244999506765053,-0.14594963243441705,8.41410040674788,0.08414100406747879,-1.734583917222683,-3.1880526904251614,0.17080519968656124,28.571428571428573,31.0,274.62101320217556,0.1942039732481738,641.3288739364825,0.9,12264,5256,2023-07-25 20:00:00,2024-12-17 19:00:00,2024-12-17 20:00:00,2025-07-24 19:00:00
70,460,50,2.75,1.0,0.7,1.0,2.0,5.0,False,True,False,7,-7.264921010246507,-0.1463343665360669,8.430852131126324,0.08430852131126323,-1.7357007839789653,-3.1981994204767847,0.16985007020180093,28.571428571428573,31.0,276.6503414077142,0.195658936333712,646.198219309677,0.9,12264,5256,2023-07-25 20:00:00,2024-12-17 19:00:00,2024-12-17 20:00:00,2025-07-24 19:00:00
75,420,50,2.75,1.0,0.6,1.0,2.0,5.0,False,True,False,7,-5.293529242902987,-0.10724003884750566,6.1751969550072205,0.06175196955007221,-1.736625400434378,-2.1897421414265845,0.24467441076216057,42.857142857142854,27.42857142857143,329.7765964833403,0.22417323235813008,626.9046307730118,1.1,12264,5256,2023-07-25 20:00:00,2024-12-17 19:00:00,2024-12-17 20:00:00,2025-07-24 19:00:00
70,420,50,2.75,1.0,0.6,1.0,2.25,4.5,False,True,False,7,-6.422167744049966,-0.1306793667012377,7.522790809013881,0.07522790809013881,-1.7371128616876654,-2.5653137501555565,0.22342244039941725,28.571428571428573,23.142857142857142,307.8372817561693,0.20794638647445862,668.1850098750574,1.1,12264,5256,2023-07-25 20:00:00,2024-12-17 19:00:00,2024-12-17 20:00:00,2025-07-24 19:00:00
70,420,50,2.75,1.0,0.6,1.0,2.0,4.5,False,True,False,7,-6.444663328521802,-0.13112021900284376,7.541323809666791,0.0754132380966679,-1.738689682503333,-2.5759013874687247,0.22202969024525043,28.571428571428573,23.142857142857142,310.1456166874551,0.20953025316988436,673.3523110532049,1.1,12264,5256,2023-07-25 20:00:00,2024-12-17 19:00:00,2024-12-17 20:00:00,2025-07-24 19:00:00
70,420,50,2.75,1.0,0.7,1.0,2.25,5.0,False,True,False,7,-5.972163316901952,-0.12183578618690472,7.001351002890415,0.07001351002890414,-1.7401753766752508,-2.4334327692916053,0.24777936505334747,42.857142857142854,23.142857142857142,248.535742474169,0.16437538149093536,641.3862694431782,0.9,12264,5256,2023-07-25 20:00:00,2024-12-17 19:00:00,2024-12-17 20:00:00,2025-07-24 19:00:00
75,420,50,2.75,1.0,0.6,1.0,2.25,5.0,False,True,False,7,-5.339829085543133,-0.10815010740754771,6.2134683149277965,0.06213468314927797,-1.740575503502901,-2.212063944746198,0.24126205027160474,28.571428571428573,27.42857142857143,334.45449666264875,0.22740545894921074,636.0919185366613,1.1,12264,5256,2023-07-25 20:00:00,2024-12-17 19:00:00,2024-12-17 20:00:00,2025-07-24 19:00:00
70,460,50,2.75,1.0,0.6,1.0,2.25,5.0,False,True,False,7,-7.920213838157306,-0.15893915488379107,9.125673823880113,0.09125673823880114,-1.7416703462255927,-3.4722633183493814,0.14345759802722183,14.285714285714286,31.0,340.56808376146796,0.2438559765637962,661.1265077391945,1.1,12264,5256,2023-07-25 20:00:00,2024-12-17 19:00:00,2024-12-17 20:00:00,2025-07-24 19:00:00
70,420,50,2.75,1.0,0.7,1.0,2.0,5.0,False,True,False,7,-5.993914136692492,-0.12226432082498295,7.019184967675134,0.07019184967675134,-1.7418592242266961,-2.4439461680984063,0.24595406054596078,42.857142857142854,23.142857142857142,250.76896706430784,0.1658709683887422,647.2943408757187,0.9,12264,5256,2023-07-25 20:00:00,2024-12-17 19:00:00,2024-12-17 20:00:00,2025-07-24 19:00:00
75,380,50,2.75,1.0,0.7,1.0,2.0,5.0,False,True,False,7,-6.240895741202675,-0.12576527671185578,7.2172638955800155,0.07217263895580016,-1.7425617038733574,-2.362786251571894,0.25224177949879517,42.857142857142854,29.57142857142857,440.0955417519659,0.29650188306133474,994.8637767735194,0.9,12264,5256,2023-07-25 20:00:00,2024-12-17 19:00:00,2024-12-17 20:00:00,2025-07-24 19:00:00
70,460,50,2.75,1.0,0.6,1.0,2.0,5.0,False,True,False,7,-7.953137261912689,-0.1595698601923613,9.153446825592109,0.0915344682559211,-1.743276202208551,-3.4888424957647497,0.1424621887903013,14.285714285714286,31.0,343.9256628337705,0.2463017744197684,667.868404831247,1.1,12264,5256,2023-07-25 20:00:00,2024-12-17 19:00:00,2024-12-17 20:00:00,2025-07-24 19:00:00
70,460,50,2.75,1.0,0.7,1.0,2.25,4.5,False,True,False,7,-7.378189202413887,-0.1485201347732381,8.51790224755899,0.0851790224755899,-1.743623376469249,-3.2552519201522987,0.16288650369396096,28.571428571428573,30.857142857142858,292.3691865689389,0.20684830819124891,618.8511002433471,1.0,12264,5256,2023-07-25 20:00:00,2024-12-17 19:00:00,2024-12-17 20:00:00,2025-07-24 19:00:00
70,460,50,2.75,1.0,0.7,1.0,2.0,4.5,False,True,False,7,-7.3874043305380654,-0.14869783271343162,8.525644048208864,0.08525644048208864,-1.7441243367962478,-3.2599711464631667,0.16245244291303845,28.571428571428573,30.857142857142858,293.30768360629065,0.2075220693736335,620.8956347360846,1.0,12264,5256,2023-07-25 20:00:00,2024-12-17 19:00:00,2024-12-17 20:00:00,2025-07-24 19:00:00
75,420,50,2.75,1.0,0.7,1.0,2.0,4.5,False,True,False,7,-4.959660980652534,-0.10066322701580632,5.771247016735745,0.05771247016735745,-1.7442196933158147,-2.0796593792694322,0.2629144586461365,42.857142857142854,27.28571428571429,291.45471199582886,0.19448479149037806,598.8883959421836,1.0,12264,5256,2023-07-25 20:00:00,2024-12-17 19:00:00,2024-12-17 20:00:00,2025-07-24 19:00:00
75,380,50,2.75,1.0,0.6,1.0,2.25,5.0,False,True,False,7,-7.057771447213073,-0.14157655504534072,8.110264593183032,0.08110264593183032,-1.7456465620658157,-2.721596402635112,0.2067494243812131,28.571428571428573,31.57142857142857,475.37700839109056,0.326700139838466,1001.1091143878753,1.0,12264,5256,2023-07-25 20:00:00,2024-12-17 19:00:00,2024-12-17 20:00:00,2025-07-24 19:00:00
70,420,50,2.75,1.0,0.7,1.0,2.25,4.5,False,True,False,7,-6.051274343730511,-0.12339390391496174,7.066215836181179,0.07066215836181179,-1.7462515549432744,-2.4717339335800985,0.2411608268543142,42.857142857142854,23.142857142857142,256.65834855720306,0.16981669320214055,662.8875972967129,0.9,12264,5256,2023-07-25 20:00:00,2024-12-17 19:00:00,2024-12-17 20:00:00,2025-07-24 19:00:00
70,420,50,2.75,1.0,0.7,1.0,2.0,4.5,False,True,False,7,-6.065363633319302,-0.12367124442310284,7.077767948321793,0.07077767948321793,-1.747319851768049,-2.4785732585858002,0.23998796696633481,42.857142857142854,23.142857142857142,258.10495390421937,0.17078623792149417,666.7205794412131,0.9,12264,5256,2023-07-25 20:00:00,2024-12-17 19:00:00,2024-12-17 20:00:00,2025-07-24 19:00:00
75,420,50,2.75,1.0,0.7,1.0,2.25,4.5,False,True,False,7,-5.013475689834667,-0.10172501223547337,5.815493773612411,0.05815493773612411,-1.7492067947359324,-2.1061058720667285,0.25786837019130654,42.857142857142854,27.28571428571429,296.8929065523679,0.19816624349783554,610.3908005901292,1.0,12264,5256,2023-07-25 20:00:00,2024-12-17 19:00:00,2024-12-17 20:00:00,2025-07-24 19:00:00
70,460,50,2.75,1.0,0.7,1.0,2.25,5.0,False,True,False,7,-7.5357251663367055,-0.1515552756906111,8.658572233834278,0.08658572233834277,-1.7503494987128825,-3.336754835505199,0.15715650882590002,28.571428571428573,31.0,304.2370935650394,0.21546729617079174,641.3288739364825,1.0,12264,5256,2023-07-25 20:00:00,2024-12-17 19:00:00,2024-12-17 20:00:00,2025-07-24 19:00:00
75,380,50,2.75,1.0,0.7,1.0,2.0,4.5,False,True,False,7,-6.338987561373706,-0.12767185873665898,7.291526206476425,0.07291526206476424,-1.750962077366728,-2.4107782468812293,0.24203784446653828,42.857142857142854,29.42857142857143,454.26391904960695,0.30607878862183935,1033.8594634948304,0.9,12264,5256,2023-07-25 20:00:00,2024-12-17 19:00:00,2024-12-17 20:00:00,2025-07-24 19:00:00
75,380,50,2.75,1.0,0.6,1.0,2.0,5.0,False,True,False,7,-6.809280367685405,-0.13678270960426409,7.80982020679922,0.0780982020679922,-1.7514194434998802,-2.513191452372507,0.2288781541872537,42.857142857142854,29.57142857142857,522.4086485712493,0.35896938783158033,991.7313270987182,1.1,12264,5256,2023-07-25 20:00:00,2024-12-17 19:00:00,2024-12-17 20:00:00,2025-07-24 19:00:00
70,460,50,2.75,1.0,0.7,1.0,2.0,5.0,False,True,False,7,-7.557728058403518,-0.15197873944712081,8.677074908778792,0.08677074908778792,-1.751497377225135,-3.3480631804217,0.1561483002984165,28.571428571428573,31.0,306.47860121236715,0.21707920897361058,646.198219309677,1.0,12264,5256,2023-07-25 20:00:00,2024-12-17 19:00:00,2024-12-17 20:00:00,2025-07-24 19:00:00
75,420,50,2.75,1.0,0.7,1.0,2.0,5.0,False,True,False,7,-5.0747175362787855,-0.1029325434730014,5.875579114010297,0.05875579114010297,-1.7518706067212868,-2.137359025779613,0.25534416114496755,42.857142857142854,27.42857142857143,298.84084350438405,0.19961338036106388,611.1987816388122,1.0,12264,5256,2023-07-25 20:00:00,2024-12-17 19:00:00,2024-12-17 20:00:00,2025-07-24 19:00:00
75,380,50,2.75,1.0,0.6,1.0,2.25,4.5,False,True,False,7,-7.190296534959089,-0.14412752369658677,8.214120688638063,0.08214120688638063,-1.7546311913330768,-2.7848607483478194,0.1983874955256664,28.571428571428573,31.42857142857143,493.0327276610896,0.33895413085702714,1045.8383852593163,1.0,12264,5256,2023-07-25 20:00:00,2024-12-17 19:00:00,2024-12-17 20:00:00,2025-07-24 19:00:00
75,420,50,2.75,1.0,0.7,1.0,2.25,5.0,False,True,False,7,-5.10787807145185,-0.10358603082245621,5.902874489800721,0.059028744898007204,-1.7548404764735774,-2.1537489298267056,0.2522957090334928,42.857142857142854,27.42857142857143,302.19290031528305,0.20188540768921553,618.2590828184658,1.0,12264,5256,2023-07-25 20:00:00,2024-12-17 19:00:00,2024-12-17 20:00:00,2025-07-24 19:00:00
75,380,50,2.75,1.0,0.7,1.0,2.25,5.0,False,True,False,7,-6.767439116459554,-0.13597414861232093,7.734079371216759,0.0773407937121676,-1.7581167982108372,-2.678753232961726,0.20066470120796628,28.571428571428573,31.57142857142857,439.33756612004095,0.2963194623437077,1002.1546789642586,0.9,12264,5256,2023-07-25 20:00:00,2024-12-17 19:00:00,2024-12-17 20:00:00,2025-07-24 19:00:00
70,460,50,2.75,1.0,0.7,1.0,2.25,4.5,False,True,False,7,-7.65634723228317,-0.15387538750534469,8.751592148521675,0.08751592148521675,-1.75825592525284,-3.398307617391253,0.1500523577548993,28.571428571428573,30.857142857142858,320.6985688470023,0.22721459541546474,618.8511002433471,1.1,12264,5256,2023-07-25 20:00:00,2024-12-17 19:00:00,2024-12-17 20:00:00,2025-07-24 19:00:00
70,460,50,2.75,1.0,0.7,1.0,2.0,4.5,False,True,False,7,-7.6664259374046555,-0.15406909642425326,8.760059768856241,0.08760059768856242,-1.758767639599899,-3.4035144206248815,0.14959750547365172,28.571428571428573,30.857142857142858,321.7250837260565,0.22795366478736437,620.8956347360846,1.1,12264,5256,2023-07-25 20:00:00,2024-12-17 19:00:00,2024-12-17 20:00:00,2025-07-24 19:00:00
70,420,50,2.75,1.0,0.7,1.0,2.25,5.0,False,True,False,7,-6.233876755969795,-0.12698476195688702,7.2159354967669245,0.07215935496766925,-1.759782387381125,-2.5608005932680262,0.22609554314718144,42.857142857142854,23.142857142857142,275.40709294756266,0.18239346915454643,641.3862694431782,1.0,12264,5256,2023-07-25 20:00:00,2024-12-17 19:00:00,2024-12-17 20:00:00,2025-07-24 19:00:00
75,380,50,2.75,1.0,0.6,1.0,2.0,4.5,False,True,False,7,-6.946221964597389,-0.1394262813513759,7.91726327682996,0.0791726327682996,-1.7610413658897754,-2.5773089117382963,0.21657542147357206,42.857142857142854,29.42857142857143,540.482669940219,0.37154150329788077,1033.564492453243,1.1,12264,5256,2023-07-25 20:00:00,2024-12-17 19:00:00,2024-12-17 20:00:00,2025-07-24 19:00:00
70,420,50,2.75,1.0,0.7,1.0,2.0,5.0,False,True,False,7,-6.257912897428014,-0.12745685282012287,7.235643249199086,0.07235643249199086,-1.7615137788092452,-2.5725937188601593,0.22413409340354154,42.857142857142854,23.142857142857142,277.8750420989021,0.18405075990292885,647.2943408757187,1.0,12264,5256,2023-07-25 20:00:00,2024-12-17 19:00:00,2024-12-17 20:00:00,2025-07-24 19:00:00
70,460,50,2.75,1.0,0.7,1.0,2.25,5.0,False,True,False,7,-7.824724325128372,-0.15710848711497039,8.901601891355714,0.08901601891355714,-1.7649462313916486,-3.485882002499851,0.1441792389156396,28.571428571428573,31.0,333.6793409491306,0.23666894390756396,641.3288739364825,1.1,12264,5256,2023-07-25 20:00:00,2024-12-17 19:00:00,2024-12-17 20:00:00,2025-07-24 19:00:00
70,420,50,2.75,1.0,0.7,1.0,2.25,4.5,False,True,False,7,-6.321294222913567,-0.1287010734627062,7.287610970123374,0.07287610970123375,-1.766025573954689,-2.6037689590124766,0.21898563416203498,42.857142857142854,23.142857142857142,284.38285744229154,0.18842290751800597,662.8875972967129,1.0,12264,5256,2023-07-25 20:00:00,2024-12-17 19:00:00,2024-12-17 20:00:00,2025-07-24 19:00:00
75,380,50,2.75,1.0,0.7,1.0,2.25,4.5,False,True,False,7,-6.873254855849519,-0.13801822234226147,7.814823052850745,0.07814823052850745,-1.766108092388787,-2.7321990366829763,0.19326092602222167,28.571428571428573,31.42857142857143,454.2955247956521,0.30644396334034835,1043.379950130112,0.9,12264,5256,2023-07-25 20:00:00,2024-12-17 19:00:00,2024-12-17 20:00:00,2025-07-24 19:00:00
70,460,50,2.75,1.0,0.7,1.0,2.0,5.0,False,True,False,7,-7.848783437844705,-0.15756993030240452,8.921834488012985,0.08921834488012985,-1.766115819724173,-3.4983544885432734,0.14312418059256013,28.571428571428573,31.0,336.1304935103131,0.23843689315919323,646.198219309677,1.1,12264,5256,2023-07-25 20:00:00,2024-12-17 19:00:00,2024-12-17 20:00:00,2025-07-24 19:00:00
70,420,50,2.75,1.0,0.7,1.0,2.0,4.5,False,True,False,7,-6.336861222657609,-0.1290065219140547,7.300374690381339,0.0730037469038134,-1.7671219270981826,-2.611443157529934,0.21772635822077174,42.857142857142854,23.142857142857142,285.98124111487937,0.18949719046914323,666.7205794412131,1.0,12264,5256,2023-07-25 20:00:00,2024-12-17 19:00:00,2024-12-17 20:00:00,2025-07-24 19:00:00
75,380,50,2.75,1.0,0.6,1.0,2.25,5.0,False,True,False,7,-7.502690577830308,-0.15012514480325878,8.489540288104843,0.08489540288104844,-1.768354230129602,-2.9151235304557375,0.18520681282402413,28.571428571428573,31.57142857142857,520.5478730737943,0.358550539471466,1001.1091143878753,1.1,12264,5256,2023-07-25 20:00:00,2024-12-17 19:00:00,2024-12-17 20:00:00,2025-07-24 19:00:00
75,420,50,2.75,1.0,0.7,1.0,2.0,4.5,False,True,False,7,-5.239219014327136,-0.1061719025396215,6.001104130315084,0.06001104130315084,-1.7692061366388425,-2.217978443648936,0.2371161541157955,42.857142857142854,27.28571428571429,319.7055241502973,0.2136309840825021,598.8883959421836,1.1,12264,5256,2023-07-25 20:00:00,2024-12-17 19:00:00,2024-12-17 20:00:00,2025-07-24 19:00:00
75,380,50,2.75,1.0,0.7,1.0,2.0,5.0,False,True,False,7,-6.700796538848863,-0.13468550087026343,7.607966892142004,0.07607966892142004,-1.7703218583847316,-2.562449693269948,0.2187268781668586,42.857142857142854,29.57142857142857,486.7250337823234,0.32867232863718626,994.8637767735194,1.0,12264,5256,2023-07-25 20:00:00,2024-12-17 19:00:00,2024-12-17 20:00:00,2025-07-24 19:00:00
75,420,50,2.75,1.0,0.7,1.0,2.25,4.5,False,True,False,7,-5.298080155478528,-0.10732951288414871,6.049501630606622,0.06049501630606622,-1.7741876841743425,-2.247398298928213,0.2318125366484422,42.857142857142854,27.28571428571429,325.6538598877993,0.21766908899133539,610.3908005901292,1.1,12264,5256,2023-07-25 20:00:00,2024-12-17 19:00:00,2024-12-17 20:00:00,2025-07-24 19:00:00
75,420,50,2.75,1.0,0.7,1.0,2.0,5.0,False,True,False,7,-5.361052897285553,-0.10856712062257667,6.111273396221082,0.06111273396221083,-1.7765057064818826,-2.2799493377065625,0.22948458413296927,42.857142857142854,27.42857142857143,327.7856553322832,0.2192568769947146,611.1987816388122,1.1,12264,5256,2023-07-25 20:00:00,2024-12-17 19:00:00,2024-12-17 20:00:00,2025-07-24 19:00:00
75,380,50,2.75,1.0,0.6,1.0,2.25,4.5,False,True,False,7,-7.650932066445512,-0.15296353745560043,8.606457851875323,0.08606457851875322,-1.7773111782830624,-2.987101209822564,0.17649593997422153,28.571428571428573,31.42857142857143,539.7868456483384,0.3719665417081474,1045.8383852593163,1.1,12264,5256,2023-07-25 20:00:00,2024-12-17 19:00:00,2024-12-17 20:00:00,2025-07-24 19:00:00
70,420,50,2.75,1.0,0.7,1.0,2.25,5.0,False,True,False,7,-6.4941750339311515,-0.132090099475194,7.429359693412907,0.07429359693412907,-1.777947291908737,-2.689380555343608,0.20511476551191565,42.857142857142854,23.142857142857142,302.13404125449784,0.20036334233108594,641.3862694431782,1.1,12264,5256,2023-07-25 20:00:00,2024-12-17 19:00:00,2024-12-17 20:00:00,2025-07-24 19:00:00
75,380,50,2.75,1.0,0.7,1.0,2.0,4.5,False,True,False,7,-6.813055214509059,-0.13685563722830285,7.693914125750141,0.07693914125750141,-1.7787518159355555,-2.6185164715365463,0.20773991326378388,42.857142857142854,29.42857142857143,502.31621796813255,0.3392617013661886,1033.8594634948304,1.0,12264,5256,2023-07-25 20:00:00,2024-12-17 19:00:00,2024-12-17 20:00:00,2025-07-24 19:00:00
75,420,50,2.75,1.0,0.7,1.0,2.25,5.0,False,True,False,7,-5.397318861693529,-0.10927945260346184,6.141125957252508,0.06141125957252508,-1.7794693247482685,-2.298182297847406,0.22628245628505225,42.857142857142854,27.42857142857143,331.45174021993637,0.22174886865775464,618.2590828184658,1.1,12264,5256,2023-07-25 20:00:00,2024-12-17 19:00:00,2024-12-17 20:00:00,2025-07-24 19:00:00
70,420,50,2.75,1.0,0.7,1.0,2.0,5.0,False,True,False,7,-6.52047136896057,-0.13260498440768032,7.450920628481682,0.07450920628481682,-1.7797127498686296,-2.7024771731610255,0.20302665975043876,42.857142857142854,23.142857142857142,304.83415057301124,0.20218146851865135,647.2943408757187,1.1,12264,5256,2023-07-25 20:00:00,2024-12-17 19:00:00,2024-12-17 20:00:00,2025-07-24 19:00:00
75,380,50,2.75,1.0,0.7,1.0,2.25,5.0,False,True,False,7,-7.225718217130743,-0.1448086845558345,8.123090395185303,0.08123090395185302,-1.7826797131503689,-2.8874941342685925,0.1773509477431427,28.571428571428573,31.57142857142857,485.8844487141906,0.3284678481928646,1002.1546789642586,1.0,12264,5256,2023-07-25 20:00:00,2024-12-17 19:00:00,2024-12-17 20:00:00,2025-07-24 19:00:00
70,420,50,2.75,1.0,0.7,1.0,2.25,4.5,False,True,False,7,-6.589806522042636,-0.13396180325098694,7.507770023093959,0.07507770023093958,-1.784308827240571,-2.7371038431092063,0.19754808402202909,42.857142857142854,23.142857142857142,311.95353249904525,0.20697771178862143,662.8875972967129,1.1,12264,5256,2023-07-25 20:00:00,2024-12-17 19:00:00,2024-12-17 20:00:00,2025-07-24 19:00:00
70,420,50,2.75,1.0,0.7,1.0,2.0,4.5,False,True,False,7,-6.606834476480344,-0.1342948522115912,7.521731611864034,0.07521731611864034,-1.785424675346935,-2.745628910397555,0.19620857730073527,42.857142857142854,23.142857142857142,313.7019845335505,0.20815615314849265,666.7205794412131,1.1,12264,5256,2023-07-25 20:00:00,2024-12-17 19:00:00,2024-12-17 20:00:00,2025-07-24 19:00:00
75,380,50,2.75,1.0,0.7,1.0,2.25,4.5,False,True,False,7,-7.346448958700548,-0.14712822241079127,8.216143566722703,0.08216143566722703,-1.7907211724816356,-2.9497190980368524,0.1695539120863787,28.571428571428573,31.42857142857143,502.3444083158039,0.3396625600890192,1043.379950130112,1.0,12264,5256,2023-07-25 20:00:00,2024-12-17 19:00:00,2024-12-17 20:00:00,2025-07-24 19:00:00
75,380,50,2.75,1.0,0.7,1.0,2.0,5.0,False,True,False,7,-7.156421004089535,-0.14347583131277053,7.9950523376004226,0.07995052337600422,-1.7945577496473568,-2.7634858949459233,0.1871807973135646,42.857142857142854,29.57142857142857,532.9229263167234,0.36069305809693236,994.8637767735194,1.1,12264,5256,2023-07-25 20:00:00,2024-12-17 19:00:00,2024-12-17 20:00:00,2025-07-24 19:00:00
75,380,50,2.75,1.0,0.7,1.0,2.0,4.5,False,True,False,7,-7.282568342000068,-0.14590132539652945,8.092451571161206,0.08092451571161206,-1.8029310909499048,-2.8278475299676384,0.17550063141346667,42.857142857142854,29.42857142857143,549.9089400417959,0.3722851005813996,1033.8594634948304,1.1,12264,5256,2023-07-25 20:00:00,2024-12-17 19:00:00,2024-12-17 20:00:00,2025-07-24 19:00:00
75,380,50,2.75,1.0,0.7,1.0,2.25,5.0,False,True,False,7,-7.6797265490247995,-0.15351429463669375,8.508491419065964,0.08508491419065964,-1.8042480984666267,-3.0974389616173035,0.15581200152230848,28.571428571428573,31.57142857142857,532.0000813449984,0.3604661888091242,1002.1546789642586,1.1,12264,5256,2023-07-25 20:00:00,2024-12-17 19:00:00,2024-12-17 20:00:00,2025-07-24 19:00:00
75,380,50,2.75,1.0,0.7,1.0,2.25,4.5,False,True,False,7,-7.815078695486681,-0.15610070085221406,8.613608332394653,0.08613608332394652,-1.8122567782091943,-3.168655505184436,0.14769149545037982,28.571428571428573,31.42857142857143,549.9324922948952,0.3727207278435621,1043.379950130112,1.1,12264,5256,2023-07-25 20:00:00,2024-12-17 19:00:00,2024-12-17 20:00:00,2025-07-24 19:00:00
